Stage Name,Full Name,Korean Name,K. Stage Name,Date of Birth,Group,Country,Birthplace,Other Group,Gender
A.M,Seong Hyunwoo,성현우,에이엠,1996-12-31,Limitless,South Korea,,,M
Ace,Jang Wooyoung,장우영,에이스,1992-08-28,VAV,South Korea,,,M
Aeji,Kwon Aeji,권애지,애지,1999-10-25,Hashtag,South Korea,Daegu,,F
AhIn,Lee Ahin,이아인,아인,1999-09-27,MOMOLAND,South Korea,Wonju,,F
Ahra,Go Ahra,고아라,아라,2001-02-21,Favorite,South Korea,Yeosu,,F
Ahyoung,Cho Jayoung,조자영,아영,1991-05-26,Dal Shabet,South Korea,Seoul,,F
Ahyung,Kang Ahyoung,강아형,아형,1996-08-27,P.O.P,South Korea,Pohang,,F
Ailee,Lee Yejin,이예진,에일리,1989-05-30,,South Korea,Denver,,F
Aini,Kim Heejung,김희정,아이니,1991-07-13,Pink Fantasy,South Korea,,,F
Aisha,Heo Yoorim,허유림,아샤,2000-07-21,Everglow,South Korea,,,F
AleXa,Kim Seri,김세리,알렉사,1996-12-06,,USA,,,F
Alice,Song Joohee,송주희,앨리스,1990-03-21,Hello Venus,South Korea,Wonju,,F
Allen,Allen Ma,앨런 마,앨런,1999-04-26,CRAVITY,USA,,,M
Amber,Amber Josephine Liu,엠버 조세핀 리우,엠버,1992-09-18,f(x),USA,Los Angeles,,F
Anne,Lee Seoyoung,이서영,앤,2000-10-17,GWSN,South Korea,,,F
Anthony,Anthony Lo,엔써니 루오,엔써니,1998-03-12,VARSITY,China,,,M
Arang,Son Mnjung,손민정,아랑,2000-03-08,,South Korea,,,F
Arang,Park Yerim,박예림,아랑,2001-01-22,Pink Fantasy,South Korea,,,F
Ari,Kim Sunyoung,김선영,아리,1994-10-23,Tahiti,South Korea,Daegu,,F
Ari,Hwang Nayoon,황나윤,아리,1999-03-30,RedSquare,South Korea,Seoul,,F
Arie,Jeon Minjae,전민재,아리,2000-04-07,MIXX,South Korea,,,F
Arin,Choi Yewon,최예원,아린,1999-06-18,Oh My Girl,South Korea,Busan,,F
Aron,Kwak Youngmin,곽영민,아론,1993-05-21,NU'EST,South Korea,California,NU'EST W,M
Asahi,Hanada Asahi,하나다 아사히,아사히,2001-08-20,Treasure,Japan,,,M
Ashley,Ashley Choi,애슐리 최,애슐리,1991-11-09,Ladies' Code,South Korea,Incheon,,F
Aurora,Yang Lan,양안,오로라,1997-01-14,NATURE,China,,,F
Avin,Park Donghyun,박동혁,어빈,1999-12-18,ENOi,South Korea,,,M
Ayno,Noh Yoonho,노윤호,에이노,1996-05-01,VAV,South Korea,,,M
B-Bomb,Lee Minhyuk,이민혁,비범,1990-12-14,Block B,South Korea,Seoul,Bastarz,M
B-Joo,Kim Byungjoo,김병주,비주,1994-01-08,Topp Dogg,South Korea,Seoul,,M
B.I,Kim Hanbin,김한빈,비아이,1996-10-22,,South Korea,Goyang,,M
B.S,Lee Youngsoo,이영수,비에스,1995-04-14,14U,South Korea,,,M
Babysoul,Lee Soojung,이수정,베이비소울,1992-07-06,Lovelyz,South Korea,Gwangju,,F
Bada,Kim Bada,김바다,바다,2002-05-28,Hinapia,South Korea,,,F
Baekah,Kim Sua,김수아,백아,1999-10-24,NeonPunch,South Korea,,,F
Baekho,Kang Dongho,강동호,백호,1995-07-21,NU'EST,South Korea,Jeju,NU'EST W,M
Baekhyun,Byun Baekhyun,변백현,백현,1992-05-06,EXO,South Korea,Wonmi,"EXO-CBX, SuperM",M
BamBam,Kunpimook Bhuwakul,꾼삐묵 부와꾼,뱀뱀,1997-05-02,GOT7,Thailand,Bangkok,,M
Bang Chan,Bang Chan,방찬,방찬,1997-10-03,Stray Kids,Australia,Sydney,3RACHA,M
Baro,Cha Sunwoo,차선우,바로,1992-09-05,B1A4,South Korea,Gwangju,,M
Baron,Choi Chunghyeop,최충협,바론,1992-04-19,VAV,South Korea,,,M
BC,Jin Sungho,진성호,비시,1994-07-18,1TEAM,South Korea,,,M
Bekah,Rebecca Kim,김레베카,베카,1989-08-11,,South Korea,Honolulu,,F
BEL,Choi Sunghoon,최성훈,벨,2000-05-21,DUSTIN,South Korea,,,M
Bella,Choi Yuna,최윤아,벨라,1999-02-02,ELRIS,South Korea,,,F
Belle,Jin Hyeonjoo,진현주,벨,2001-11-03,Cignature,South Korea,Goyang,,F
Benji,Baek Jaewook,배제욱,벤지,1992-05-03,B.I.G,USA,Indianapolis,,M
Beomgyu,Choi Beomgyu,최범규,범규,2001-03-13,TXT,South Korea,,,M
Bian,Yu Jiwon,유지원,비안,2001-02-13,ANS,South Korea,,,F
Bic,Nam Seungmin,남승민,빅,2001-04-25,MCND,South Korea,,,M
Bin,Kwon Soobin,김수빈,빈,1993-10-28,Hot Blood Youth,South Korea,,,M
Binnie,Bae Yubin,배유빈,비니,1997-09-09,Oh My Girl,South Korea,Chuncheon,,F
Bitsaeon,Kim Sangyeon,김상연,빛새온,1995-06-04,MONT,South Korea,,,M
Bitto,Lee Changhyun,이창현,비토,1996-08-24,UP10TION,South Korea,Dongducheon,,M
Blue,Jung Gahee,정가희,파랑,1994-01-18,Pungdeng-E,South Korea,Gwangju,,F
BM,Matthew Kim,매튜김,비엠,1992-10-20,KARD,South Korea,,,M
BoA,Kwon Boa,권보아,보아,1989-11-05,,South Korea,Guri,,F
Boa,Kim Boah,김보아,보아,1987-01-14,SPICA,South Korea,,,F
Bobby,Kim Jiwon,김지원,바비,1995-12-21,iKON,South Korea,Seoul,,M
Bohyung,Kim Bohyung,김보형,보형,1991-03-31,SPICA,South Korea,,SPICA-S,F
Bokeun,Kim Bokeun,김복은,복은,1994-10-12,SIGNAL,South Korea,,,M
Bom,Park Bom,박봄,봄,1984-03-24,2NE1,South Korea,,,F
Bomi,Yoon Bomi,윤보미,보미,1993-09-13,Apink,South Korea,Suwon,,F
Bomin,Choi Bomin,최보민,보민,2000-08-24,Golden Child,South Korea,,,M
Bomin,Kim Bomin,김보민,보민,2001-09-24,RedSquare,South Korea,Gwangju,,F
Bona,Kim Jiyeon,김지연,보나,1995-08-19,Cosmic Girls,South Korea,Daegu,,F
Boni,Choi Euijeong,최의정,보니,1999-10-30,Dreamnote,South Korea,,,F
Bora,Yoon Bora,윤보라,보라,1990-01-30,SISTAR,South Korea,,,F
Bora,Kim Bora,김보라,보라,1999-03-03,Cherry Bullet,South Korea,,,F
Boram,Jeon Boram,전보람,보람,1986-03-22,T-ara,South Korea,Seoul,,F
Bullet,Jin Junwoo,진준우,블릿,1995-12-02,VARSITY,South Korea,Seoul,,M
BX,Lee Byounggon,이병곤,비엑스,1998-03-05,CIX,South Korea,Incheon,,M
Byungchan,Choi Byungchan,최병찬,병찬,1997-11-12,VICTON,South Korea,,,M
C.A.P,Bang Minsoo,방민수,캡,1992-11-04,Teen Top,South Korea,Seongnam,,M
Cao Lu,Cao Lu,차오루,차오루,1987-08-30,Fiestar,China,Zhangjiajie,,F
Casper,Chu Xiaoxiang,저효상,캐스퍼,1991-03-20,CROSS GENE,China,Shanghai,,M
Castle J,Son Sangjoon,손성준,캐슬제이,1999-05-31,MCND,South Korea,,,M
Cha Hoon,Cha Hoon,차훈,차훈,1994-07-12,N.Flying,South Korea,Seoul,,M
Chaea,Kim Chaeyoung,김채영,체리,1997-07-05,RedSquare,South Korea,Gunsan,,F
Chaebin,Choi Yoobin,최유빈,채빈,1999-07-28,NATURE,South Korea,,,F
Chaehyun,Kim Chaehyun,김채현,채현,1999-11-29,Bonus Baby,South Korea,,,F
Chaejin,Chae Jinseok,채진석,채진,1995-12-26,MYNAME,South Korea,Seoul,,M
Chaekyung,Yoon Chaekyung,윤채경,채경,1996-07-07,APRIL,South Korea,Incheon,"C.I.V.A, I.B.I",F
Chaelin,Lee Chaelin,이채린,채린,1999-10-20,FANATICS,South Korea,,,F
Chaerin,Park Chaerin,박채린,채린,2002-03-13,Cherry Bullet,South Korea,,,F
Chaeryeong,Lee Chaeryeong,이채령,채령,2001-07-05,ITZY,South Korea,,,F
Chaesol,Maeng Chaesol,맹채솔,채솔,1998-07-14,Cignature,South Korea,Yeosu,,F
Chaewon,Kim Chaewon,김채원,채원,1997-11-08,APRIL,South Korea,Gongju,,F
Chaewon,Kim Chaewon,김채원,채원,2000-08-01,IZ*ONE,South Korea,Seoul,,F
ChaeY,Song Chaeyeon,송채연,채이,2003-01-06,CRAXY,South Korea,,,F
Chaeyeon,Jung Chaeyeon,정채연,채연,1997-12-01,DIA,South Korea,Suncheon,I.O.I,F
Chaeyeon,Kim Chaeyeon,김채연,채연,2004-12-04,Busters,South Korea,,,F
Chaeyeon,Lee Chaeyeon,이채연,채연,2000-01-11,IZ*ONE,South Korea,Yongin,,F
Chaeyoung,Son Chaeyoung,손채영,채영,1999-04-23,Twice,South Korea,Seoul,,F
Chaeyoung,Lee Chaeyoung,이채영,채영,2000-05-14,fromis_9,South Korea,Pohang,,F
Chahee,Park Sooyoung,박수영,차희,1996-03-24,MELODYDAY,South Korea,,,F
Chan,Jung Chanwoo,정찬우,찬,1998-01-26,iKON,South Korea,Yongin,,M
Chan,Kang Yoochan,강유찬,찬,1997-12-31,A.C.E,South Korea,Jeju,UNB,M
Chan,Jo Chanhyuk,조찬혁,찬,1999-12-08,TOO,South Korea,,,M
Changbin,Seo Changbin,서창빈,창빈,1999-08-11,Stray Kids,South Korea,Yongin,3RACHA,M
Changbum,Woo Changbum,우창범,창범,1993-10-07,,South Korea,Sokcho,,M
Changgyu,Song Changgyu,송창규,창규,1993-07-06,UNVS,South Korea,,,M
Changjo,Choi Jonghyun,최종현,창조,1995-11-16,Teen Top,South Korea,Chuncheon,,M
Changsub,Lee Changsub,이창섭,창섭,1991-02-26,BtoB,South Korea,Suwon,,M
Changsun,Lee Changsun,이창선,창선,1996-03-17,24K,South Korea,,,M
Chani,Kang Chanhee,강찬희,찬희,2000-01-17,SF9,South Korea,,,M
Chanmi,Kim Chanmi,김찬미,찬미,1996-06-19,AoA,South Korea,Gumi,,F
Chansung,Hwang Chansung,황찬성,찬성,1990-02-11,2PM,South Korea,Seoul,,M
Chanyeol,Park Chanyeol,박찬열,찬열,1992-11-27,EXO,South Korea,Seoul,,M
Chanyong,Kim Chanyong,김찬용,찬용,1993-04-29,100%,South Korea,Suwon,,M
Chanyoung,Kim Chanyoung,김찬영,찬영,2000-11-20,D-CRUNCH,South Korea,,,M
Chen,Kim Jongdae,김종대,첸,1992-09-21,EXO,South Korea,Silheung,EXO-CBX,M
Cheng Xiao,Cheng Xiao,청샤오,성소,1998-07-15,Cosmic Girls,China,Shenzhen,,F
Chenle,Zhong Chenle,중천러,천러,2001-11-22,NCT,China,Shanghai,NCT Dream,M
Cheongeum,Jang Cheongeum,장청음,청음,1996-06-19,Ho1iday,South Korea,,,F
Chiayi,Li Chiayi,지아이,지아이,2000-01-22,FANATICS,Taiwan,,FANATICS FLAVOR,F
Chihoon,Choi Chihoon,최치훈,치훈,1999-04-27,TOO,South Korea,,,M
Choa,Park Choa,박초아,초아,1990-03-06,,South Korea,Incheon,,F
Choa,Heo Minjin,허민진,초아,1990-07-12,Crayon Pop,South Korea,Seoul,,F
Choerry,Choi Yerim,최예림,최리,2001-06-04,LOONA,South Korea,,Loona Odd Eye Circle,F
Choi Jiann,Choi Jaewoo,최재우,최지안,1997-09-30,Newkidd,South Korea,,,M
Chorong,Park Chorong,박초롱,초롱,1991-03-03,Apink,South Korea,Chungwongoon,,F
Chungha,Kim Chungha,김청하,청하,1996-02-09,,South Korea,Dallas,,F
Chunji,Lee Chanhee,이찬희,천지,1993-10-05,Teen Top,South Korea,Seongnam,,M
Chuu,Kim Jiwoo,김지우,츄,1999-10-20,LOONA,South Korea,Cheongju,Loona yyxy,F
CL,Lee Chaerin,이채린,씨엘,1991-02-26,2NE1,South Korea,,,F
CNU,Shin Dongwoo,신동우,신우,1991-07-16,B1A4,South Korea,Seoul,,M
Cory,Hong Joohyung,홍주현,코리,1990-11-25,24K,South Korea,Daegu,,M
Cya,Lee Giwook,이기욱,키야,2000-01-24,Onewe,South Korea,,,M
D.ana,Cho Eunae,조은애,디애나,1995-09-10,Sonamoo,South Korea,Seoul,,F
D.O.,Do Kyungsoo,도경수,디오,1993-01-12,EXO,South Korea,Gyeonggi,,M
Daehwi,Lee Daehwi,이대휘,대휘,2001-01-29,AB6IX,South Korea,Seoul,,M
Daehyeon,Jang Daehyeon,장대현,대현,1997-02-11,,South Korea,,,M
Daehyun,Jung Daehyun,정대현,대현,1993-06-28,B.A.P,South Korea,Busan,,M
Daeil,Kim Daeil,김대일,대일,1992-05-10,,South Korea,Busan,,M
Daesung,Daesung,강대성,대성,1989-04-26,BIGBANG,South Korea,Incheon,,M
Daeun,Jung Daeun,정다은,정다은,1994-06-03,2EYES,South Korea,Bucheon,,F
Daewang Nim,Daewang Nim,대왕님,대왕님,1996-04-08,Pink Fantasy,South Korea,,,F
Daeyeol,Lee Daeyeol,이대열,대열,1993-02-11,Golden Child,South Korea,Yongin,,M
Daeyeon,Hwang Da Kyeon,황연경,다연,1995-11-17,NeonPunch,South Korea,,,F
Dahye,Song Dahye,송다혜,다혜,1993-06-12,,South Korea,,,F
Dahyun,Kim Dahyun,김다현,다현,1998-05-28,Twice,South Korea,Seongnam,,F
Dahyun,Jeong Dahyun,정다현,다현,2005-04-29,Rocket Punch,South Korea,,,F
Dain,Song Jieun,송지은,다인,1990-06-25,,South Korea,,,F
Daisy,Yoo Jeongahn,유정안,데이지,1999-01-22,MOMOLAND,South Korea,Seoul,,F
Dajeong,Kim Dajeong,김다정,다정,1995-08-08,Hashtag,South Korea,Gwangju,,F
Dalyn,Lee Sohyun,이소현,달린,1999-08-27,ANS,South Korea,,,F
Dami,Lee Yoobin,이유빈,다미,1997-03-07,Dreamcatcher,South Korea,Seoul,,F
Dami,Hong Dayoung,홍다영,담이,2001-06-07,ANS,South Korea,,,F
Damon,Hu Boohan,후보한,데이먼,1996-07-02,VARSITY,China,,,M
Dan-a,Park Seungyeon,박승연,단아,1993-06-26,Matilda,South Korea,,,F
Daniel,Kang Daniel,강다니엘,다니엘,1996-12-10,Wanna One,South Korea,Busan,,M
Dany,Jeon Eunji,전은지,다니,1998-01-20,Ho1iday,South Korea,,,F
Daon,Ahn Seonil,안선일,다온,2000-12-10,DUSTIN,South Korea,,,M
Dara,Park Sandara,박산다라,다라,1984-11-12,2NE1,South Korea,,,F
Dasom,Kim Dasom,김다솜,다솜,1993-05-06,SISTAR,South Korea,,,F
Dasom,Lee Dasom,이다솜,다솜,1993-11-13,2EYES,South Korea,Cheongju,,F
Dawon,Nam Dawon,남다원,다원,1997-03-16,Cosmic Girls,South Korea,Seoul,,F
Dawon,Lee Sanghyuk,이상혁,다원,1995-07-24,SF9,South Korea,,,M
Dawon,Cho Dawon,조다원,다원,2000-05-12,VARSITY,South Korea,,,M
Dawon,Lee Dawon,이다원,다원,1996-12-02,ARIAZ,South Korea,,,F
Daye,Kim Hyunjung,김현정,다예,1998-02-25,Berry Good,South Korea,,,F
Dayoung,Kim Dayoung,김다영,다영,1991-02-02,Blady,South Korea,Jeonju,,F
Dayoung,Im Dayoung,임다영,다영,1999-05-14,Cosmic Girls,South Korea,Jeju,,F
Dayun,Kim Dayun,김다윤,다윤,2000-11-20,Bonus Baby,South Korea,,,F
Della,Park Sehyun,박세현,델라,1995-09-03,Rockit Girl,South Korea,,,F
Denise,Kim Denise,김데니스,데니스,2001-01-11,SECRET NUMBER,South Korea,,,F
Dino,Lee Chan,이찬,디노,1999-02-11,Seventeen,South Korea,Iksan,,M
Dita,Dita Karang,디타 가랑,디타,1996-12-25,SECRET NUMBER,Indonesia,Yogyakarta,,F
DK,Lee Seongmin,이석민,도겸,1997-02-18,Seventeen,South Korea,Yongin,,M
DK,Kim Donghyuk,김동혁,디케이,1997-01-03,iKON,South Korea,,,M
Doah,Kim Doah,김도아,도아,2003-12-04,FANATICS,South Korea,,FANATICS FLAVOR,F
Dohee,Yoon Dohee,윤도희,도희,1999-09-24,NeonPunch,South Korea,,,F
Dohyon,Nam Dohyon,남도현,도현,2004-11-10,X1,South Korea,,,M
Dohyuk,Kim Dohyuk,김도혁,도혁,1998-01-16,14U,South Korea,,,M
Doi,Kim Doi,김도이,도이,1996-04-12,FANATICS,South Korea,,,F
Dojin,Jeon Yongtae,전용태,도진,1997-03-07,ENOi,South Korea,,,M
Dokyun,Na Dokyun,나도균,도균,1991-02-11,HISTORY,South Korea,Daejeon,,M
Donggeon,Song Donggeon,송동건,동건,1999-07-15,TOO,South Korea,,,M
Donghae,Lee Donghae,이동해,동해,1986-10-15,Super Junior,South Korea,Mokpo,Super Junior-M,M
Donghan,Kim Donghan,김동한,동한,1998-07-03,JBJ,South Korea,Daegu,,M
Dongheon,Lee Dongheon,이동헌,동헌,1995-08-04,Verivery,South Korea,,,M
Donghun,Lee Donghun,이동훈,동훈,1993-05-15,A.C.E,South Korea,Suncheon,,M
Donghyun,Kim Donghyun,김동현,동현,1989-02-12,Boyfriend,South Korea,Seoul,,M
Donghyun,Kim Donghyun,김동현,동현,1999-02-23,Golden Child,South Korea,,,M
Donghyun,Kim Donghyun,김동현,동현,1998-09-17,AB6IX,South Korea,Daejeon,MXM,M
Dongjun,Kim Dongjun,김동준,동준,1992-02-11,ZE:A,South Korea,Busan,,M
Dongkyu,Moon Dongkyu,문동규,동규,1992-11-16,Spectrum,South Korea,,,M
Dongmyeong,Son Dongmyeong,곤동명,동명,2000-01-20,Onewe,South Korea,,,M
Dongpyo,Son Dongpyo,손동표,동표,2002-09-09,X1,South Korea,,,M
Dongwon,Lee Dongwon,이동원,동원,1994-01-01,KNK,South Korea,,,M
Dongwoo,Jang Dongwoo,장동우,동우,1990-11-22,Infinite,South Korea,Guri,Infinite H,M
Dongwoon,Son Dongwoon,손동운,동운,1991-06-06,Highlight,South Korea,Busan,,M
Doojoon,Yoon Doojoon,윤두준,두준,1989-07-04,Highlight,South Korea,Goyang,,M
Dowoon,Yoon Dowoon,윤도운,도운,1995-08-25,DAY6,South Korea,,,M
Doyeon,Kim Doyeon,김도연,도연,1999-12-04,Weki Meki,South Korea,Incheon,"I.O.I, WJMK",F
Doyoung,Kim Dongyoung,김동영,도영,1996-02-01,NCT,South Korea,Guri,"NCT U, NCT 127",M
Doyoung,Kim Doyoung,김도영,도영,2003-12-04,Treasure,South Korea,,,M
Doyum,Jeon Doyum,전도염,도염,2002-02-21,1the9,South Korea,Daejeon,,M
Dylan,Park Yeonjae,박연재,딜란,2002-07-26,D-CRUNCH,South Korea,,,M
E'Dawn,Kim Hyojong,김효종,이던,1994-06-01,,South Korea,,,M
E-tion,Lee Changyoon,이창윤,이션,1994-12-24,ONF,South Korea,Jeonju,,M
E-Young,Noh Yiyoung,노이영,이영,1992-08-16,After School,South Korea,Chuncheon,,F
E.sol,Jeon Jaehyuk,전재혁,이솔,1992-09-17,14U,South Korea,,,M
E:U,Park Jiwon,박지원,이유,1998-05-19,Everglow,South Korea,,,F
Eli,Ellison Kim,엘리슨 킴,일라이,1991-03-13,U-KISS,USA,Los Angeles,,M
Elkie,Chong Ting Yan,쫑딩얀,엘키,1998-11-02,CLC,Hong Kong,Hong Kong,,F
Ellin,Kim Minyoung,김민영,엘린,1990-04-02,Crayon Pop,South Korea,Daegu,,F
Elly,Jung Haerim,정해림,엘리,1998-07-20,Weki Meki,South Korea,,,F
Ellyn,Bang Sunhee,방선희,엘린,2002-10-19,Girlkind,South Korea,,,F
Eric,Son Youngjae,손영재,에릭,2000-12-22,The Boyz,South Korea,,,M
Eson,Kim Jungmin,김정민,이슨,1996-12-28,We In The Zone,South Korea,Honolulu,,M
Euaerin,Lee Hyemin,이혜민,이유애린,1988-05-03,,South Korea,Seoul,,F
Euijin,Hong Euijin,홍의진,의진,1996-10-08,Sonamoo,South Korea,Gwangju,UNI.T,F
Euijin,Lee Euijin,이의진,의진,1990-02-15,Bigflo,South Korea,Seoul,,M
Eun,Choi Eunmi,최은미,은,1990-05-14,Two X,South Korea,,,F
Eunbi,Kwon Eunbi,권은비,은비,1995-09-27,IZ*ONE,South Korea,Seoul,,F
Eunbin,Kwon Eunbin,권은빈,은빈,2000-01-06,CLC,South Korea,Seoul,,F
Eunchae,Kwon Chaewon,권채원,은채,1999-05-26,DIA,South Korea,,,F
Eunha,Jung Eunbi,정은비,은하,1997-05-30,Gfriend,South Korea,Seoul,,F
Eunho,Shin Donggeun,신동근,은호,1992-09-10,UNVS,South Korea,,,M
Eunhyuk,Lee Hyukjae,이혁재,은혁,1986-04-04,Super Junior,South Korea,Ilsan,Super Junior-M,M
Eunice,Heo Sooyeon,허수연,유니스,1991-11-02,DIA,South Korea,Busan,,F
Eunjae,Kwak Eunjae,곽은재,은재,1996-05-02,14U,South Korea,,,M
Eunji,Jung Eunji,정은지,은지,1993-08-18,Apink,South Korea,Busan,,F
Eunji,Hong Eunji,홍은지,은지,1992-07-19,Brave Girls,South Korea,Seoul,,F
Eunjin,Ahn Eunjin,안은진,은진,1997-08-31,,South Korea,Mokpo,,F
Eunjin,Ma Eunjin,마은진,은진,1997-05-23,Playback,South Korea,Wonju,,F
Eunjin,Moon Eunjin,문은진,은진,1998-11-05,Highteen,South Korea,,,F
Eunjo,Park Eunjo,박은조,은조,2002-03-07,Dreamnote,South Korea,,,F
Eunjun,Choi Eunjun,최은준,은준,1999-08-06,Spectrum,South Korea,,,M
Eunjung,Ham Eunjung,함은정,은정,1988-12-12,T-ara,South Korea,Seoul,,F
Eunki,Hong Eunki,홍은기,은기,1997-09-29,,South Korea,,,M
Eunkwang,Seo Eunkwang,서은광,은광,1990-11-22,BtoB,South Korea,Yongin,,M
Eunsang,Lee Eunsang,이은상,은상,2002-10-16,X1,South Korea,,,M
Eunseo,Son Juyeon,손주연,은서,1998-05-27,Cosmic Girls,South Korea,Incheon,,F
Eunsung,Lee Eunsung,이은성,은성,2000-09-07,TheEastLight,South Korea,,,M
Eunwoo,Jeong Eunwoo,정은우,은우,1998-07-01,Hinapia,South Korea,,Pristin V,F
Eunwoo,Cha Eunwoo,차은우,은우,1997-03-30,ASTRO,South Korea,Gunpo,,M
Eunyoung,Joo Eunyoung,주은영,은영,1992-06-12,Two X,South Korea,,,F
Exy,Chu Sojung,추소정,엑시,1995-11-06,Cosmic Girls,South Korea,Busan,,F
Fei,Wang FeiFei,왕페이페이,페이,1987-04-27,miss A,China,Haikou,,F
Felix,Lee Youngbok,이용복,필릭스,2000-09-15,Stray Kids,South Korea,Sydney,,M
G-Dragon,Kwon Jiyong,권지용,지드래곤,1988-08-18,BIGBANG,South Korea,Seoul,GD&TOP,M
G.NA,Gina Jane Choi,최지나,지나,1987-09-13,,Canada,Edmonton,,F
G.O,Jung Byunghee,정병희,지오,1987-11-06,MBLAQ,South Korea,Changwon,,M
Gabin,Kim Gabin,김가빈,가빈,1989-09-18,Blady,South Korea,Busan,,F
Gaeul,Park Gaeul,박가을,가을,1999-05-08,Favorite,South Korea,Seoul,,F
Gaeun,Cho Kaeun,조가은,가은,1992-07-28,,South Korea,Changwon,,F
Gaga,Lee Soobin,이수빈,가가,1994-11-10,Gate9,South Korea,,,F
Gaga,Li Jia Jia,리 지아 지아,가가,1999-09-01,NATURE,China,,,F
Gahyeon,Lee Gahyeon,이가현,가현,1999-02-03,Dreamcatcher,South Korea,Seongnam,,F
Gain,Son Gain,손가인,가인,1987-09-20,Brown Eyed Girls,South Korea,,,F
Gaon,Beom Gaon,범가온,가온,2001-03-09,Bonus Baby,South Korea,,,F
Gayoon,Heo Gayoon,허가윤,가윤,1990-05-18,4minute,South Korea,Seoul,2YOON,F
Gayoung,Kim Gayoung,김가영,가영,1991-12-02,Stellar,South Korea,Seoul,,F
Geummi,Baek Boram,백보람,금미,1988-06-18,Crayon Pop,South Korea,Seoul,,F
Gihwan,Kim Gihwan,김기환,기환,1993-11-24,SIGNAL,South Korea,,,M
Gijung,Kim Gijung,김기중,기중,2001-01-24,IM,South Korea,,,M
Gikwang,Lee Gikwang,이기광,기광,1990-03-30,Highlight,South Korea,Gwangju,,M
Giru,Park Giru,박기루,기루,1991-08-14,Blady,South Korea,Incheon,,F
Giseok,Jun Giseok,정기석,기석,1997-05-02,IM,South Korea,,,M
Gohn,Kim Dongsung,김동성,곤,1992-08-01,,South Korea,Seoul,,M
Gohyeon,Go Hyeon,고현,고현,1994-10-01,14U,South Korea,,,M
Gon,Kim Seongjung,김성중,곤,1998-11-13,ARGON,South Korea,,,M
Gongchan,Gong Chansik,공찬식,공찬,1993-08-14,B1A4,South Korea,Suncheon,,M
Gowon,Park Chaewon,박채원,고원,2000-11-19,LOONA,South Korea,,Loona yyxy,F
Gowoon,Moon Joojeong,문유정,고운,1998-12-18,Berry Good,South Korea,,,F
Gracie,Kim Gaeun,김가운,그레이시,1996-10-28,H.U.B,South Korea,,,F
Green,Kim Jiwon,김지원,지니,1997-07-01,RedSquare,South Korea,Daegu,,F
Gun,Kwak Gun,곽건,건,2001-09-29,14U,South Korea,,,M
Gun,Yang Hyuk,양혁,건,2000-03-15,ENOi,South Korea,,,M
Gunmin,Lee Gunmin,이건민,건민,1994-10-03,B.I.G,South Korea,Gangwon,,M
Gunwoo,Lee Gunwoo,이건우,건우,1989-01-30,MYNAME,South Korea,Daejeon,,M
Gyehyeon,Jo Gyehyeon,조계현,계현,1999-05-14,Verivery,South Korea,,,M
Gyeongtae,Kwon Gyeongtae,권경태,경태,2000-07-23,14U,South Korea,,,M
Gyujin,Han Gyujin,한규진,규진,1997-11-21,UP10TION,South Korea,Icheon,,M
Gyuri,Park Gyuri,박규리,규리,1988-05-21,KARA,South Korea,Seoul,,F
Gyuri,Jang Gyuri,장규리,규리,1997-12-27,fromis_9,South Korea,Seoul,,F
Habin,Yoo Habin,유하빈,하빈,2002-03-10,Dreamnote,South Korea,,,F
Haebin,Han Haebin,한해빈,해빈,1995-08-16,Gugudan,South Korea,,,F
Haechan,Lee Donghyuk,이동혁,해찬,2000-06-06,NCT,South Korea,,"NCT 127, NCT Dream",M
Haein,Yeom Haein,염해인,해인,1995-05-19,LABOUM,South Korea,Ojeonggu,,F
Haena,Lee Haena,이해나,해나,1991-06-02,Matilda,South Korea,,,F
Haena,Jeon Eunbi,전은비,해나,2002-02-19,ANS,South Korea,,,F
Haeri,Lee Haeri,이해리,해리,1985-02-14,Davichi,South Korea,Seoul,,F
Haeri,Jung Haeri,정해리,해리,1997-01-14,P.O.P,South Korea,Seoul,,F
Haeryeong,Na Haeryeong,나해령,해령,1994-11-11,BESTie,South Korea,,,F
Haeun,Yoon Haeun,윤하은,하은,1999-03-12,3YE,South Korea,,,F
Haeyeon,Lee Taeyeon,이태연,해연,1994-01-11,Gate9,South Korea,,,F
Haeyoon,Park Haeyoon,박해윤,해윤,1996-01-10,Cherry Bullet,South Korea,,,F
Hajeong,Lee Hajeong,이하정,하정,1997-09-23,,South Korea,,,F
Hakmin,Lee Hakmin,이학민,학민,2000-09-20,TRCNG,South Korea,,,M
Hamin,Jo Hamin,조하민,하민,1997-10-24,ENOi,South Korea,,,M
Han,Han Jisung,한지성,한,2000-09-14,Stray Kids,South Korea,Incheon,3RACHA,M
Han Geng,Han Geng,한경,한경,1984-02-09,,China,Mudanjiang,,M
Han Hyeri,Han Hyeri,한혜리,한혜리,1997-08-24,I.B.I,South Korea,Gwangmyeong,,F
Han Leeseul,Han Jiyoon,한지윤,한이슬,2000-02-12,Rockit Girl,South Korea,,,F
Hana,Shin Bora,신보라,하나,1993-04-30,Gugudan,South Korea,,,F
Hana,Jung Hana,정하나,하나,1990-02-02,SECRET,South Korea,Uljeongbu,,F
Hanbyeol,Ahn Hanbyeol,안한별,한별,2003-10-13,Dreamnote,South Korea,,,F
Handong,Han Dong,한동,한동,1996-03-26,Dreamcatcher,China,Wuhan,,F
Haneul,Lee Haneul,이하늘,하늘,1996-06-03,ARGON,South Korea,,,M
Hangyul,Lee Hangyul,이한결,한결,1999-12-07,X1,South Korea,,IM,M
Hani,Ahn Hee-yeon,안희연,하니,1992-05-01,EXID,South Korea,Seoul,,F
Hanna,Shin Jiyeon,신지연,한나,1994-02-19,MIXX,South Korea,,,F
Hanse,Do Hanse,도한세,한세,1997-09-25,VICTON,South Korea,,,M
Hansol,Kim Hansol,김한솔,한솔,1993-06-15,,South Korea,Busan,,M
Hara,Koo Hara,구하라,하라,1991-01-13,KARA,South Korea,Gwangju,,F
Harin,Ju Harin,주하린,주하린,1998-03-29,Onewe,South Korea,,,M
Harin,,,하린,1995-11-21,Lusty,South Korea,Seoul,,F
Harin,Park Guenhye,박근혜,하린,2000-05-26,Pink Fantasy,South Korea,,,F
Haru,Han Sangsook,한상숙,하루,1994-07-06,Gate9,South Korea,Bucheon,,F
Haru,Abe Haruno,아베 하루노,하루,2000-02-21,NATURE,Japan,,,F
Haru,Lee Yoojeong,이유정,하루,1997-02-26,Ho1iday,South Korea,,,F
Haruto,Watanabe Haruto,와타나베 하루토,하루토,2004-04-05,Treasure,Japan,,,M
Haseul,Jo Haseul,조하슬,하슬,1997-08-18,LOONA,South Korea,Ansan,Loona 1/3,F
Hayoon,Jung Hayoon,정하윤,하윤,1998-11-21,Bonus Baby,South Korea,,,F
Hayoung,Oh Hayoung,오하영,하영,1996-07-19,Apink,South Korea,Seoul,,F
Hayoung,Lee Hayoung,이하영,하영,1993-08-03,Playback,South Korea,,,F
Hayoung,Choi Hayoung,최하영,하영,2000-08-22,TRCNG,South Korea,,,M
Hayoung,Song Hayoung,송하영,하영,1997-09-29,fromis_9,South Korea,Gwangju,,F
Hayun,Lee Hayun,이하윤,하윤,1994-08-29,Brave Girls,South Korea,Changwon,,F
Heechul,Kim Heechul,김희철,희철,1983-07-10,Super Junior,South Korea,Hoengseong,,M
Heechul,Jung Heechul,정희철,희철,1989-12-09,ZE:A,South Korea,Jeju,,M
Heedo,Yoon Heedo,유희도,희도,1996-04-22,B.I.G,South Korea,Seoul,,M
Heejin,Jeon Heejin,전희진,희진,2000-10-19,LOONA,South Korea,Seongnam,Loona 1/3,F
Heejin,Song Heejin,송희진,희진,1995-08-19,Good Day,South Korea,Seoul,,F
Heejoo,Jeon Heejoo,전희주,희주,1996-11-30,Ho1iday,South Korea,,,F
Heejun,Oh Heejun,오희준,희준,1996-05-08,KNK,South Korea,,,M
Heeo,Gwak Heeoh,곽히오,히오,1994-05-02,4TEN,South Korea,,,F
Heeseok,Yun Heeseok,윤희석,희석,1997-06-10,Limitless,South Korea,,,M
Heesun,Park Heesun,박희선,희선,2005-01-25,Pink Fantasy,South Korea,,,F
Heeyu,Choi Heejae,최희재,희유,1995-06-30,MIXX,South Korea,,,F
Henny,Kang Gayoung,강가영,헤니,1994-12-01,,South Korea,,,F
Henry,Henry Lau,헨리 라우,헨리,1989-10-11,Super Junior-M,Canada,Toronto,,M
Heo Chan,Heo Chan,허찬,허찬,1995-12-14,VICTON,South Korea,,,M
High.D,Kim Dohee,김도희,하이디,1996-12-21,Sonamoo,South Korea,Suwon,,F
HighTop,Lim Hyeontae,임현태,하이탑,1994-03-19,Bigflo,South Korea,,,M
Himchan,Kim Himchan,김힘찬,힘찬,1990-04-19,B.A.P,South Korea,Seoul,,M
Hitomi,Honda Hitomi,혼다 히토미,히토미,2001-10-06,IZ*ONE,Japan,Toghichi,,F
Hohyeon,Lee Hohyeon,이호현,호현,2001-10-14,TRCNG,South Korea,,,M
Hojoon,Jeon Hojoon,전호준,호준,1992-10-31,Topp Dogg,South Korea,Gwangju,,M
Hojung,Go Hojung,고호정,호정,1994-10-20,HOTSHOT,South Korea,,,M
Hongbin,Lee Hongbin,이홍빈,홍빈,1993-09-29,VIXX,South Korea,Seoul,,M
Honggi,Lee Honggi,이홍기,홍기,1990-03-02,FTISLAND,South Korea,Gwangju,,M
Hongil,Yoon Hongil,윤홍일,홍일,1999-01-11,Astin,South Korea,,,M
Hongjoong,Kim Hongjoong,김홍중,홍중,1998-11-07,ATEEZ,South Korea,,,M
Hongseob,Shim Hongseob,심홍섭,홍섭,1998-01-08,24K,South Korea,,,M
Hongseok,Yang Hongseok,양홍석,홍석,1994-04-17,PENTAGON,South Korea,,,M
Hoon,Yeo Hoonmin,여훈민,훈,1991-08-16,U-KISS,South Korea,Namyangju,,M
Hoshi,Kwon Soonyoung,권순영,호시,1996-06-15,Seventeen,South Korea,Namyangju,,M
Hoya,Lee Howon,이호원,호야,1991-03-28,,South Korea,Busan,Infinite H,M
Hoyoung,Bae Hoyoung,배호영,호영,1998-08-10,Verivery,South Korea,,,M
Hueningkai,Chung Kai,정카이,휴닝카이,2002-08-14,TXT,USA,,,M
Hui,Lee Hwitaek,이회택,후이,1993-08-28,PENTAGON,South Korea,,,M
Hui,Liang Hui,양휘,양휘,1995-07-18,24K,China,,,M
Huihyeon,Ki Huihyeon,기희현,희현,1995-06-16,DIA,South Korea,Namwon,,F
Huijun,Noh Huijun,노휘준,휘준,2003-10-07,MCND,South Korea,,,M
Hwall,Heo Hyunjoon,허현준,활,2000-03-09,The Boyz,South Korea,Busan,,M
Hwanhee,Lee Hwanhee,이환희,환희,1998-11-06,UP10TION,South Korea,Daejeon,,M
Hwani,Jo Sihyeon,조시환,화니,1994-11-16,DUSTIN,South Korea,,,M
Hwanwoong,Yeo Hwanwoong,여환웅,환웅,1998-08-26,Oneus,South Korea,,,M
Hwarang,Park Jonghan,박종찬,종찬,1995-12-05,Spectrum,South Korea,,,M
Hwasa,Ahn Hyejin,안혜진,화사,1995-07-23,Mamamoo,South Korea,Jeonju,,F
Hweseung,Yoo Hweseung,유회승,회승,1995-02-28,N.Flying,South Korea,,,M
Hwi,Jo Mingyu,조민규,휘,2002-09-26,Newkidd,South Korea,,,M
Hwiyoung,Kim Youngkyun,김영균,휘영,1999-05-11,SF9,South Korea,,,M
Hyangsuk,Lee Hyangsuk,이향숙,향숙,1991-04-24,2EYES,South Korea,Seoul,,F
Hyebin,Lee Hyebin,이혜빈,혜빈,1996-01-12,MOMOLAND,South Korea,Andong,,F
Hyebin,Im Hyebin,임혜빈,혜빈,1999-11-10,Highteen,South Korea,,,F
Hyejeong,Shin Hyejeong,신혜정,혜정,1993-08-10,AoA,South Korea,Seoul,,F
Hyeji,Jeong Hyeji,정혜지,혜지,1992-04-02,4TEN,South Korea,Seoul,,F
Hyejin,Baek Hyejin,백혜진,혜진,1996-11-21,4TEN,South Korea,Sacheon,,F
Hyejin,Kang Hyejin,강혜진,혜진,2000-07-13,CRAXY,South Korea,,,F
Hyejoo,Park Hyunjoo,박현주,혜주,1999-01-12,Highteen,South Korea,,,F
Hyemi,Pyo Hyemi,표혜미,혜미,1991-04-03,9Muses,South Korea,Gwangju,9MUSES A,F
Hyemi,Kim Hyemi,김혜미,혜미,1990-08-10,Fiestar,South Korea,Seoul,,F
Hyeoeun,Lee Hyoeun,이효은,효은,1993-03-16,Stellar,South Korea,Seoul,,F
Hyeongjun,Song Hyeongjun,송형준,형준,2002-11-30,X1,South Korea,,,M
Hyeongjun,Song Hyeongjun,송형준,형준,2002-11-30,CRAVITY,South Korea,,,M
Hyeongseo,Myeong Hyeongseo,명형서,형서,2001-06-25,Busters,South Korea,,,F
Hyeongseok,Chu Hyeongseok,추형석,형석,2000-09-13,Astin,South Korea,,,M
Hyeran,Noh Hyeran,노혜란,혜란,1993-04-09,Brave Girls,South Korea,,,F
Hyeri,Lee Hyeri,이혜리,혜리,1994-06-09,Girl's Day,South Korea,Gwangju,,F
Hyerim,Woo Hyerim,우혜림,혜림?,1992-09-01,Wonder Girls,South Korea,Seoul,,F
Hyerin,Seo Hyerin,서혜린,혜린,1993-08-23,EXID,South Korea,Gwangju,,F
Hyerin,Kim Hyerin,김혜린,혜린,1993-06-13,2EYES,South Korea,Seoul,,F
Hyeseong,Yang Hyeseon,양혜선,혜성,1999-10-15,ELRIS,South Korea,,,F
Hyewon,Kang Hyewon,강혜원,혜원,1999-07-05,IZ*ONE,South Korea,Yangsan,,F
Hyeyeon,Kang Hyeyeon,강혜연,혜연,1990-12-08,BESTie,South Korea,,,F
Hyeyeon,Cho Hyeyeon,조혜연,혜연,2000-08-05,Gugudan,South Korea,,Gugudan Oguogu,F
Hyogyeong,Jang Hyogyeong,장효경,효경,1999-11-15,ARIAZ,South Korea,,,F
Hyojin,Kim Hyojin,김효진,효진,1994-04-22,ONF,South Korea,Seoul,,M
Hyojung,Choi Hyojung,최효정,효정,1994-07-28,Oh My Girl,South Korea,Yangyang,,F
Hyomin,Park Sunyoung,박선영,효민,1989-05-30,T-ara,South Korea,Busan,,F
Hyorin,Kim Hyojung,김효정,효린,1991-01-11,SISTAR,South Korea,,,F
Hyosun,Lim Hyosun,임효선,효선,1998-07-10,H.U.B,South Korea,,,F
Hyosung,Jun Hyoseong,전효성,효성,1989-10-13,SECRET,South Korea,Cheongju,,F
Hyoyeon,Kim Hyoyeon,김효연,효연,1989-09-22,SNSD,South Korea,Incheon,,F
Hyuk,Han Sanghyuk,한상혁,혁,1995-07-05,VIXX,South Korea,Daejeon,Big Byung,M
Hyukjin,Jang Hyukjin,장혁진,혁진,1993-12-20,100%,South Korea,Busan,,M
Hyuna,Kim Hyuna,김현아,현아,1992-06-06,4minute,South Korea,Jeolla,,F
Hyuna,Moon Hyuna,문현아,현아,1987-01-19,,South Korea,Yeosu,,F
Hyunbin,Kwon Hyunbin,권현빈,현빈,1997-03-04,JBJ,South Korea,Seoul,,M
Hyungsik,Park Hyungsik,박형식,형식,1991-11-16,ZE:A,South Korea,Yongin,,M
Hyungwon,Chae Hyungwon,채형원,형원,1994-01-15,MONSTA X,South Korea,Gwangju,,M
Hyunho,Lee Hyunho,이현호,현호,1998-11-04,D-CRUNCH,South Korea,,,M
Hyunjae,Lee Jaehyun,이재현,현재,1997-09-13,The Boyz,South Korea,,,M
Hyunji,Kim Hyunji,김현지,현지,1992-06-30,Hashtag,South Korea,,,F
Hyunjin,Kim Hyunjin,김현진,현진,2000-11-15,LOONA,South Korea,Jeonju,Loona 1/3,F
Hyunjin,Hwang Hyunjin,황현진,현진,2000-03-20,Stray Kids,South Korea,Seoul,,M
Hyunjoo,Lee Hyunjoo,이현주,현주,1998-02-05,UNI.T,South Korea,Seoul,,F
Hyunjun,Lee Hyunjun,이현준,현준,1999-12-21,IZ,South Korea,,,M
Hyunkyung,Kim Hyunjong,김현종,현경,1998-09-05,Romeo,South Korea,,,M
Hyunmin,Byun Hyunmin,변현민,현민,1999-04-17,,South Korea,,,M
Hyunoh,Park Hyunoh,백현우,현우,1999-02-12,D-CRUNCH,South Korea,,,M
Hyunseong,Shim Hyunseong,심현성,현성,1993-06-09,Boyfriend,South Korea,Yeongcheon,,M
Hyunseong,Go Hyunseo,고현서,현서,1999-06-17,G-reyish,South Korea,,,F
Hyunseung,Jang Hyunseung,장현승,현승,1989-09-03,,South Korea,Suncheon,Troublemaker,M
Hyunsik,Lim Hyunsik,임현식,현식,1992-03-07,BtoB,South Korea,Ilsan,,M
Hyunsoo,Kim Hyunsoo,김현수,현수,1995-04-12,D1CE,South Korea,,,M
Hyunsuk,Choi Hyunsuk,최현석,현석,1999-04-21,Treasure,South Korea,Daegu,,M
Hyunsuk,Yoon Hyunsuk,윤현석,현석,2001-09-08,CIX,South Korea,,,M
Hyunuk,Han Hyunuk,한현욱,현욱,1994-09-26,IN2IT,South Korea,,,M
Hyunwoo,Kim Hyunwoo,김현우,현우,2001-01-21,TRCNG,South Korea,,,M
Hyunwoo,Baek Hyunwoo,박현오,현오,1999-03-19,D-CRUNCH,South Korea,,,M
Hyunwook,Ji Hyunwook,지현욱,현욱,1998-07-01,D-CRUNCH,South Korea,,,M
Hyunwoong,Kim Hyunwoong,김현웅,현웅,1998-02-08,14U,South Korea,,,M
Hyunyoung,Cho Hyunyoung,조현영,현영,1991-08-11,Rainbow,South Korea,Seoul,"Rainbow Blaxx, Rainbow Pixie",F
I,Cha Yoonji,차윤지,아이,1996-12-02,,South Korea,Busan,,F
I.M,Lim Changkyun,임창균,아이엠,1996-01-26,MONSTA X,South Korea,Gwangju,,M
I.N,Yang Yeongin,양정인,아이엔,2001-02-08,Stray Kids,South Korea,Busan,,M
Iaan,Yoo Dongju,유동주,이안,2002-03-22,NeonPunch,South Korea,,,F
Ilhoon,Jung Ilhoon,정일훈,일훈,1994-10-04,BtoB,South Korea,Seoul,,M
Inho,Hwang Inho,황인호,인호,1993-06-21,IN2IT,South Korea,,,M
Inpyo,Lee Inpyo,이인표,인표,1995-08-14,IN2IT,South Korea,,,M
Inseong,Kim Inseong,김인성,인성,1993-07-12,SF9,South Korea,,,M
Inseong,Jeong Inseong,정인성,인성,1994-07-01,KNK,South Korea,,,M
Insoo,Kang Insoo,강인수,인수,1988-03-10,MYNAME,South Korea,Suwon,,M
Irene,Bae Juhyun,배주현,아이린,1991-03-29,Red Velvet,South Korea,Daegu,,F
Isaac,Voo Isaak,부 아이젝,아이젝,1994-12-12,IN2IT,Malaysia,,,M
Isol,,,이솔,1997-05-01,Lusty,South Korea,Seoul,,F
IU,Lee Jieun,이지은,아이유,1993-05-16,,South Korea,Seoul,,F
J,Lee Yeji,이예지,제이,1998-02-12,ANS,South Korea,,,F
J-Hoon,Lim Junghoon,임정훈,제이훈,1990-07-15,B.I.G,South Korea,Seoul,,M
J-Hope,Jung Hoseok,정호석,제이홉,1994-02-18,BTS,South Korea,Gwangju,,M
J-Kid,Han Jeonghoon,한정훈,제이키드,2000-02-14,ENOi,South Korea,,,M
J-Us,Lee Seungjoon,이승준,제이어스,1995-01-13,ONF,South Korea,Seoul,,M
J.seph,Kim Taehyung,김태형,제이셉,1992-06-21,KARD,South Korea,,,M
J.YOU,Kim Jaeyu,김제유,제유,2000-11-02,TOO,South Korea,,,M
Jackson,Jackson Wang,잭슨 왕,잭슨,1994-03-28,GOT7,Hong Kong,Hong Kong,,M
Jacob,Bae Joonyoung,배준영,제이콥,1997-05-30,The Boyz,South Korea,Toronto,,M
Jacob,Zhang Peng,장펑,제이콥,1996-09-07,VAV,China,,,M
Jae,Park Jaehyung,박제형,제이,1992-09-15,DAY6,South Korea,Buenos Aires,,M
Jaebin,Deung Bin,등빈,재빈,1997-02-13,VARSITY,China,Hunan,,M
Jaechan,Park Jaechan,박재찬,재찬,2001-12-06,Dongkiz,South Korea,,,M
Jaehan,Kim Jaehan,김재한,재한,1995-07-01,Spectrum,South Korea,,,M
Jaehee,Lee Jaehee,이재희,재희,2004-03-18,Weeekly,South Korea,,,F
Jaeho,Kim Jaeho,김재호,재호,1992-09-17,HISTORY,South Korea,,,M
Jaehwan,Kim Jaehwan,김재환,재환,1996-05-27,Wanna One,South Korea,Seoul,,M
Jaehyo,Ahn Jaehyo,안재효,재효,1990-12-23,Block B,South Korea,Busan,,M
Jaehyuk,Yoon Jaehyuk,윤재혁,재혁,2001-07-23,Treasure,South Korea,,,M
Jaehyun,Jung Yoonoh,정윤오,재현,1997-02-14,NCT,South Korea,Seoul,"NCT U, NCT 127",M
Jaehyun,Kim Jaehyun,김재현,재현,1994-07-15,N.Flying,South Korea,Seoul,,M
Jaehyun,Bong Jaehyun,봉재현,재현,1999-01-04,Golden Child,South Korea,,,M
Jaejin,Lee Jaejin,이재진,재진,1991-12-17,FTISLAND,South Korea,Cheongju,,M
Jaejoong,Kim Jaejoong,김재중,재중,1986-01-26,JYJ,South Korea,Gongju,,M
Jaekyung,Kim Jaekyung,김재경,재경,1988-12-24,Rainbow,South Korea,Seoul,Rainbow Blaxx,F
Jaemin,Na Jaemin,나재민,재민,2000-08-13,NCT,South Korea,,NCT Dream,M
Jaeseok,Park Jaeseok,박재석,재석,1995-11-20,,South Korea,,,M
Jaeun,Ha Jaeun,한재운,재운,1999-09-28,ARGON,South Korea,,,M
Jaeyoon,Lee Jaeyoon,이재윤,재윤,1994-08-09,SF9,South Korea,,,M
Jaeyun,Lee Jaeyun,이재윤,이재윤,2000-08-16,TOO,South Korea,,,M
Jamie,Park Jimin,박지민,박지민,1997-07-05,15&,South Korea,Junggu,,F
Jane,Sung Jiyeon,성지연,제인,1997-12-20,MOMOLAND,South Korea,Changwon,,F
Jangjun,Lee Jangjun,이장준,장준,1997-03-03,Golden Child,South Korea,,,M
Jason,Kim Byeongkwan,김병관,제이슨,1996-08-13,A.C.E,South Korea,Seoul,,M
Jay,Kim Jinhwan,김진환,제이,1994-02-07,iKON,South Korea,Jeju,,M
JB,Im Jaebum,임재범,제이비,1994-01-06,GOT7,South Korea,Goyang,,M
Jea,Kim Hyojin,김효진,제아,1981-09-18,Brown Eyed Girls,South Korea,,,F
Jeewon,Kim Jiwon,김지원,지원,1999-04-01,Cignature,South Korea,Busan,,F
Jehyun,Moon Jehyun,문제현,제현,1999-04-20,1TEAM,South Korea,,,M
Jei,Kim Jinhee,김진희,재이,1989-09-05,Fiestar,South Korea,Bucheon,,F
Jen,Kim Yehyeon,김예현,젠,1997-03-27,UNVS,South Korea,,,M
Jenissi,Kim Taeyang,김태양,제니씨,1991-08-02,,South Korea,Seoul,,M
Jennie,Kim Jennie,김제니,제니,1996-01-16,BLACKPINK,South Korea,Anyang,,F
Jenny,Lee Soyul,이소율,제니,1996-09-04,DIA,South Korea,Seoul,,F
Jeno,Lee Jeno,이제노,제노,2000-04-23,NCT,South Korea,,NCT Dream,M
Jeon Woong,Jeon Woong,전웅,전웅,1997-10-15,AB6IX,South Korea,,,M
Jeonghan,Yoon Jeonghan,윤정한,정한,1995-10-04,Seventeen,South Korea,Seoul,,M
Jeonghee,Go Jeonghee,고정희,정희,2000-03-11,Favorite,South Korea,Incheon,,F
Jeongkyun,Jeong Jeongkyun,정정균,정균,1987-11-27,,South Korea,,,M
Jeongmin,Lee Jeongmin,이정민,정민,1994-02-01,Boyfriend,South Korea,Suwon,,M
Jeongseung,Park Jeongseung,박정승,정승,2002-05-20,D-CRUNCH,South Korea,,,M
Jeonguk,Kim Jeonguk,김정욱,정욱,1993-03-20,24K,South Korea,Busan,,M
Jeongwoo,Park Jeongwoo,박정우,정우,2004-09-28,Treasure,South Korea,,,M
Jeongyeon,Yoo Jeongyeon,유정연,정연,1996-11-01,Twice,South Korea,Suwon,,F
Jeonyul,Jeon Yuri,전유리,전율,1994-03-20,Stellar,South Korea,Seoul,,F
Jerome,Oh Sungmin,오성민,제롬,2001-08-25,TOO,South Korea,,,M
Jerrry,Ahn Sohyun,안소현,제리,1992-08-27,Tahiti,South Korea,Seoul,,F
Jessica,Jessica Jung,제시카 정,제시카,1989-04-18,,South Korea,,,F
Ji Hansol,Ji Hansol,지한솔,지한솔,1994-11-21,Newkidd,South Korea,Busan,,M
Jia,Meng Jia,멍지아,지아,1989-02-03,miss A,China,Changja,,F
Jiae,Yoo Jiae,유지애,지애,1993-05-21,Lovelyz,South Korea,Seoul,,F
Jiae,Kim Jiae,김지애,지애,1995-10-31,Wassup,South Korea,,,F
Jiahn,Yoo Jiahn,유지안,지안,1992-04-01,IN2IT,South Korea,,,M
Jibeom,Kim Jibeom,김지범,지범,1999-02-03,Golden Child,South Korea,,,M
Jieun,Song Jieun,송지은,지은,1990-05-05,SECRET,South Korea,Seoul,,F
Jihan,Han Jihyo,한지효,지한,2004-07-12,Weeekly,South Korea,,,F
Jiheon,Baek Jiheon,백지헌,지헌,2003-04-17,fromis_9,South Korea,Jeolla,,F
Jiho,Kim Jiho,김지호,지호,1997-04-04,Oh My Girl,South Korea,Okcheon,,F
Jihoo,Lim Soojung,임수정,지후,1998-08-05,IZ,South Korea,,,M
Jihoon,Park Jihoon,박지훈,지훈,1999-05-29,Wanna One,South Korea,Masan,,M
Jihoon,Park Jihoon,박지훈,지훈,2000-03-14,Treasure,South Korea,Busan,,M
Jihun,Kim Jihun,김지훈,지훈,2000-01-09,TRCNG,South Korea,Daegu,,M
Jihun,Kim Jihun,김지훈,지훈,1995-02-20,KNK,South Korea,,,M
Jihyo,Park Jisoo,박지수,지효,1997-02-01,Twice,South Korea,Guri,,F
Jihyun,Nam Jihyun,남지현,지현,1990-01-09,4minute,South Korea,Seoul,,F
Jimin,Shin Jimin,신지민,지민,1991-01-08,AoA,South Korea,Seoul,AOA BLACK,F
Jimin,Park Jimin,박지민,지민,1995-10-13,BTS,South Korea,Busan,,M
JIN,Park Myungeun,박명은,진,1996-06-12,Lovelyz,South Korea,Busan,,F
Jin,Kim Seokjin,김석진,진,1992-12-04,BTS,South Korea,Gwacheon,,M
Jin Jin,Park Jinwoo,박진우,진진,1996-03-15,ASTRO,South Korea,Nowon,,M
JinE,Shin Hyejin,신혜진,진이,1995-01-22,,South Korea,Pohang,,F
Jingyu,Lee Jingyu,이진규,진규,1998-04-22,Astin,South Korea,,,M
Jinho,Jo Jinho,조진호,조진호,1992-04-17,PENTAGON,South Korea,,,M
Jinhong,Kim Jinhong,김진홍,진홍,1998-01-02,24K,South Korea,Seoul,,M
Jinhoo,Kim Jinwook,김진욱,진후,1995-08-02,UP10TION,South Korea,Changwon,,M
Jinhui,,,진희,1996-11-21,Lusty,South Korea,Seongnam,,F
Jinju,Park Jinju,박진주,진주,1990-04-28,,South Korea,,,F
Jinkwon,Kim Jinkwon,김진권,진권,2001-01-31,Newkidd,South Korea,,,M
Jinny,Park Jinhee,박진희,지니,1998-01-19,SECRET NUMBER,South Korea,California,,F
Jinsol,Lee Jinsol,이진솔,진솔,2001-12-04,APRIL,South Korea,Andong,,F
JinSoul,Jung Jinsol,정진솔,진솔,1997-06-13,LOONA,South Korea,,Loona Odd Eye Circle,F
Jinsung,Jung Jinsung,정진성,진성,2002-03-30,1the9,South Korea,Seoul,,M
Jinwoo,Kim Jinwoo,김진우,진우,1991-09-26,WINNER,South Korea,Imja,,M
Jinwoo,Lee Jinwoo,이진우,진우,1996-02-20,1TEAM,South Korea,,,M
Jinwoo,Park Jinwoo,박진우,진우,2000-01-12,ENOi,South Korea,,,M
Jinwoo,Lee Jinwoo,이진우,진우,2004-09-13,TEEN TEEN,South Korea,,,M
Jinyoung,Jung Jinyoung,정진영,진영,1991-11-18,B1A4,South Korea,Chungju,,M
Jinyoung,Park Jinyoung,박진영,진영,1994-09-22,GOT7,South Korea,Changwon,,M
Jinyoung,Bae Jinyoung,배진영,진영,2000-05-10,CIX,South Korea,Seoul,,M
Jinyoung,Woo Jinyoung,우진영,진영,1997-05-31,D1CE,South Korea,,,M
Jisan,Choi Jinsang,최지상,지산,1999-11-03,Hot Blood Youth,South Korea,,,M
Jisoo,Seo Jisoo,서지수,지수,1994-02-11,Lovelyz,South Korea,Incheon,,F
Jisoo,Kim Jisoo,김지수,지수,1995-01-03,BLACKPINK,South Korea,Seoul,,F
Jisoo,Shin Jisoo,신지수,지수,1994-02-28,Tahiti,South Korea,Chuncheon,,F
Jisoo,Jung Jisoo,정지수,지수,2003-11-22,Busters,South Korea,,,F
Jisook,Kim Jisook,김지숙,지숙,1990-07-18,Rainbow,South Korea,Suwon,Rainbow Pixie,F
Jisu,Choi Jisu,최지수,지수,2000-01-19,TOO,South Korea,,,M
Jisun,Roh Jisun,노지선,지선,1998-11-23,fromis_9,South Korea,Seoul,,F
Jisun,Hwang Jisun,황지선,지선,1989-10-17,S#aFLA,South Korea,,,F
Jisung,Park Jisung,박지성,지성,2002-02-05,NCT,South Korea,,NCT Dream,M
Jisung,Yoon Jisung,윤지성,지성,1991-03-08,Wanna One,South Korea,Wonju,,M
Jisung,Kim Jisung,김지성,지성,2000-12-21,TRCNG,South Korea,,,M
Jiu,Kim Minji,김민지,지유,1994-05-17,Dreamcatcher,South Korea,Daejeon,,F
Jiwon,Yang Jiwon,양지원,지원,1988-04-05,UNI.T,South Korea,Seoul,SPICA-S,F
Jiwon,Park Jiwon,박지원,지원,1998-03-20,fromis_9,South Korea,Busan,,F
Jiwon,Heo Jiwon,허지원,지원,2000-09-04,Cherry Bullet,South Korea,,,F
Jiwoo,Jeon Jiwoo,전지우,지우,1996-10-04,KARD,South Korea,,,F
Jiyeon,Park Jiyeon,박지연,지연,1993-06-07,T-ara,South Korea,Seoul,,F
Jiyoon,Jeon Jiyoon,전지윤,지윤,1990-10-15,4minute,South Korea,Seoul,2YOON,F
Jiyoon,Woo Jiyoon,우지윤,지윤,1996-01-06,Bolbbalgan4,South Korea,Yeongju,,F
Jiyoon,Shin Jiyoon,신지윤,지윤,2002-03-02,Weeekly,South Korea,,,F
Jiyou,Im Changsook,임창숙,지유,1989-06-15,Two X,South Korea,,,F
Jiyoung,Kang Jiyoung,강지영,지영,1994-01-18,,South Korea,Paju,,F
Jiyoung,Ahn Jiyoung,안지영,지영,1995-09-14,Bolbbalgan4,South Korea,Yeongju,,F
Jiyul,Yang Jungyoon,양정윤,지율,1991-07-30,,South Korea,Seoul,,F
JJ,Jun Jihyeok,전진혁,제이제이,1998-12-11,DUSTIN,South Korea,,,M
JK,Kim Jikang,김지강,지강,1998-03-17,Girlkind,South Korea,,,F
Johnny,John Seo,존 서,쟈니,1995-02-09,NCT,USA,Chicago,NCT 127,M
Johyun,Shin Jiwon,신지원,조현,1996-04-14,Berry Good,South Korea,,,F
Jongho,Choi Jongho,최종호,종호,2000-10-12,ATEEZ,South Korea,,,M
Jonghoon,Choi Jonghoon,최종훈,종훈,1990-03-07,FTISLAND,South Korea,Seoul,,M
Jonghwan,Jo Jonghwan,조종환,종환,1992-11-23,100%,South Korea,Seoul,,M
Jonghyeong,Kim Jonghyeong,김종형,종형,2002-04-13,Dongkiz,South Korea,,,M
Jonghyun,Kim Jonghyun,김종현,종현,1990-04-08,SHINee,South Korea,Seoul,,M
Jonghyun,Lee Jonghyun,이종현,종현,1990-05-15,CNBLUE,South Korea,Busan,,M
Jongup,Moon Jongup,문종업,종업,1995-02-06,B.A.P,South Korea,Seoul,,M
JOO,Jung Minjoo,정민주,주,1990-10-11,,South Korea,Seoul,,F
Joo E,Lee Joowon,이주원,주이,1999-08-18,MOMOLAND,South Korea,Bucheon,,F
Jooan,Im Jimyoung,임지명,주안,1996-10-04,We In The Zone,South Korea,Dongtan,,M
Joochan,Hong Joochan,홍주찬,주찬,1999-07-31,Golden Child,South Korea,,,M
Jooheon,Lee Jooheon,이주헌,주헌,1994-10-06,MONSTA X,South Korea,Daegu,,M
Jooyeon,Lee Jooyeon,이주연,주연,1987-03-19,,South Korea,Seoul,,F
Joshua,Hong Jisoo,홍지수,조슈아,1995-12-30,Seventeen,USA,Los Angeles,,M
Joy,Park Sooyoung,박수영,조이,1996-09-03,Red Velvet,South Korea,Jeju,,F
JR,Kim Jonghyun,김종현,제이알,1995-06-08,NU'EST,South Korea,Gangwon,NU'EST W,M
Ju-ne,Koo Junhoe,구준회,준회,1997-03-31,iKON,South Korea,Seoul,,M
Jueun,Lee Jooeun,이주은,주은,1995-07-07,DIA,South Korea,Suwon,BinChaenHyunSeuS,F
Jueun,Jo Jueun,조주은,주은,2001-01-27,ARIAZ,South Korea,,,F
Juhaknyeon,Ju Haknyeon,주학년,주학년,1999-03-09,The Boyz,South Korea,Jeju,,M
Juju,Park Juyoung,박주영,쥬쥬,1996-01-03,Gate9,South Korea,Changwon,,F
Jun,Weng Junhui,원쥔훼이,준,1996-06-10,Seventeen,China,Shenzen,,M
Jun,Lee Junyoung,이준영,준,1997-01-22,U-KISS,South Korea,,,M
Jun,Park Junhee,박준희,준,1994-06-02,A.C.E,South Korea,Jeolla,,M
Jun H.,Im Joonhyun,임준현,준현,1991-08-28,UNVS,South Korea,,,M
Jun. K,Kim Minjun,김민준,준케이,1988-01-15,2PM,South Korea,Daegu,,M
Jungah,Kim Jungah,김정아,정아,1983-08-02,,South Korea,Incheon,,F
Junghoon,Lee Junghoon,이정훈,정훈,2000-07-04,1TEAM,South Korea,,,M
Junghun,Jang Junghun,장정훈,정훈,1999-02-27,Astin,South Korea,,,M
Junghwa,Park Junghwa,박정화,정화,1995-05-08,EXID,South Korea,Anyang,,F
Jungkook,Jeon Jungkook,전정국,정국,1997-09-01,BTS,South Korea,Busan,,M
Jungmo,Koo Jungmo,구정모,정모,2000-02-05,CRAVITY,South Korea,,,M
Jungshin,Lee Jungshin,이정신,정신,1991-09-15,CNBLUE,South Korea,,,M
Jungwoo,Kim Jungwoo,김정우,정우,1998-02-19,NCT,South Korea,,,M
Jungwoo,Uhm Jungwoo,엄정우,정우,1999-04-02,BVNDIT,South Korea,,,F
Junho,Lee Junho,이준호,준호,1990-01-25,2PM,South Korea,Ilsan,,M
Junho,Cha Junho,차준호,준호,2002-07-09,X1,South Korea,,,M
Junhyeok,Kim Junhyeok,임준혁,준혁,1993-07-17,,South Korea,,,M
Junhyuk,Choi Junhyuk,최준혁,준혁,1992-04-21,HOTSHOT,South Korea,Ulsan,,M
Junhyung,Yong Junyung,용준형,준형,1989-12-19,Highlight,South Korea,Seoul,,M
Junji,Kim Junhyung,김준형,준지,1998-04-06,OnlyOneOf,South Korea,,,M
Junkyu,Kim Junkyu,김준규,준규,2000-09-09,Treasure,South Korea,,,M
JunQ,Kang Junkyu,강준규,준규,1993-08-09,MYNAME,South Korea,Uljeongbu,,M
Junseo,Kim Junseo,김준서,준서,2001-11-20,1the9,South Korea,Ulsan,,M
Junwook,Kim Junwook,김준욱,준욱,2002-01-10,TheEastLight,South Korea,,,M
Junyoung,Lee Junyoung,이준영,준영,2000-09-23,IZ,South Korea,,,M
Juri,Takahashi Juri,타카하시 쥬리,쥬리,1997-10-03,Rocket Punch,Japan,,,F
Juyeon,Lee Juyeon,이주연,주연,1998-01-16,The Boyz,South Korea,,,M
K.Me,Na Miri,나미리,케이미,1992-04-10,BADKIZ,South Korea,Yeosu,,F
Kady,Gu Dokyoung,구도경,케이디,1995-04-07,Gate9,South Korea,Busan,,F
Kaeun,Lee Kaeun,이가은,가은,1994-08-20,After School,South Korea,Seoul,,F
Kahi,Park Jiyoung,박지영,가희,1980-12-25,,South Korea,Daegu,,F
Kai,Kim Jongin,김종인,카이,1994-01-14,EXO,South Korea,Suncheon,SuperM,M
Kain,Bang Junho,방준호,카인,1997-03-25,ARGON,South Korea,,,M
Kanghyun,Kang Hyungu,강현구,강현,1998-11-24,Onewe,South Korea,,,M
Kangin,Kim Youngwoon,김영운,강인,1985-01-17,,South Korea,Seoul,,M
Kangmin,Kim Kangmin,김강민,강민,2001-11-13,TRCNG,South Korea,,,M
Kangmin,Noh Kangmin,노강민,강민,1999-09-05,Romeo,South Korea,,,M
Kangmin,Yoo Kangmin,유강민,강민,2003-01-25,Verivery,South Korea,,,M
Karin,Min Karin,민가린,가린,2002-01-05,ELRIS,South Korea,,,F
Karin,Baek Yerin,백예린,카린,2000-04-23,CRAXY,South Korea,,,F
KB,Shin Kyubin,신규빈,규빈,1994-04-23,OnlyOneOf,South Korea,,,M
Kei,Kim Jiyeon,김지연,케이,1995-03-20,Lovelyz,South Korea,Incheon,,F
Keina,Lee Yoona,이유나,케이나,1999-02-12,H.U.B,South Korea,,,F
Ken,Lee Jaehwan,이재환,켄,1992-04-06,VIXX,South Korea,Seoul,,M
Kenta,Takada Kenta,타카다 켄타,켄타,1995-01-10,JBJ,Japan,Fujioka,,M
Keonhee,Lee Keonhee,김건희,건희,1998-06-27,Oneus,South Korea,,,M
Keumjo,Lee Keumjo,이금조,금조,1992-12-17,9Muses,South Korea,Daegu,9MUSES A,F
Kevin,Christopher Woo,크리스토퍼 우,케빈,1991-11-25,U-KISS,USA,Los Angeles,,M
Kevin,Kevin Jiyeop Kim,케빈 지엽 킴,케빈,1988-02-23,ZE:A,South Korea,Sydney,,M
Kevin,Moon Hyungseo,문형서,케빈,1998-02-23,The Boyz,Canada,,,M
Key,Kim Kibum,김기범,키,1991-09-23,SHINee,South Korea,Daegu,Toheart,M
Kiara,Baek Jinjoo,백진주,키아라,1998-08-20,,South Korea,,,F
Kibum,Kim Kibum,김기범,기범,1987-08-21,,South Korea,Seoul,,M
Kichun,Hwang Kichun,황기천,기천,1992-03-14,,South Korea,,,M
Kid,Kim Junhoe,김준회,키드,1995-10-26,VARSITY,South Korea,,,M
Kidoh,Jin Hyosang,진효상,키도,1992-12-16,,South Korea,Seoul,,M
Kihyun,Yoo Kihyun,유기현,기현,1993-11-22,MONSTA X,South Korea,Goyang,,M
Kim Lip,Kim Jungeun,김정은,김립,1999-02-10,LOONA,South Korea,,Loona Odd Eye Circle,F
Kim Sanggyun,Kim Sanggyun,김상균,김상균,1995-05-23,JBJ95,South Korea,Gwangju,JBJ,M
Kim Sohee,Kim Sohee,김소희,김소희,1995-01-20,I.B.I,South Korea,Busan,C.I.V.A,F
Kim Yoon,Kim Seongsu,김성수,김윤,1994-02-17,DUSTIN,South Korea,,,M
Kino,Kang Hyungku,강형구,키노,1998-01-27,PENTAGON,South Korea,,,M
Kiseop,Lee Kiseop,이기섭,기섭,1991-01-17,U-KISS,South Korea,Seongnam,,M
Kisu,Choi Kisu,최기수,기수,1990-10-02,24K,South Korea,Seoul,,M
Kiwon,Lee Kiwon,이기원,기원,1996-06-27,GIDONGDAE,South Korea,,,M
Kokoro,Kato Kokoro,카토 코코로,코코로,2000-11-01,,Japan,,,F
Kongyeol,Go Minsoo,고민수,고결,1996-05-19,UP10TION,South Korea,Bucheon,,M
Kongyoo,Kong Yoojin,공유진,공유,2001-05-11,Bonus Baby,South Korea,,,F
Kookheon,Kim Kookheon,김국헌,국헌,1997-04-15,B.O.Y,South Korea,,,M
Kriesha Chu,Kriesha Ziskind Teo Tiu,크리샤 지스킨드 테오 티우,크리샤 츄,1998-12-20,,Philippines,Cebu,,F
Kris,Wu Yifan,오역범,크리스,1990-11-06,,Canada,Guangzhou,,M
Krystal,Krystal Jung,크리스탈 정,크리스탈,1994-10-24,f(x),South Korea,San Francisco,,F
Kuhn,Noh Sooil,노수일,쿤,1995-11-11,UP10TION,South Korea,Ansan,,M
Kun,Qian Kun,첸쿤,쿤,1996-01-01,NCT,China,,,M
Kwanghee,Hwang Kwanghee,황광희,광희,1988-08-25,ZE:A,South Korea,Paju,,M
Kwangjin,Kwon Kwangjin,권광진,광진,1992-08-12,N.Flying,South Korea,Seoul,,M
Kwangmin,Jo Kwangmin,조광민,광민,1995-04-24,Boyfriend,South Korea,Anyang,,M
Kyeongheon,Yoon Kyeongheon,윤경헌,경헌,1998-01-06,We In The Zone,South Korea,Suncheon,,M
Kyla,Kyla Massie,카일라 매시,카일라,2001-12-26,Pristin,USA,California,,F
Kyle,Ma Jaekyung,마재경,카일,1997-01-15,Romeo,South Korea,,,M
Kyuhwan,Lee Kyuhwan,이규환,규환,1994-09-18,SIGNAL,South Korea,,,M
Kyuhyuk,Shim Kyuhyuk,심규혁,규혁,1995-01-11,Hot Blood Youth,South Korea,,,M
Kyuhyun,Cho Kyuhyun,조규현,규현,1988-02-03,Super Junior,South Korea,Seoul,Super Junior-M,M
Kyulkyung,Zhou Jieqiong,저우제충,결경,1998-12-16,Pristin,China,Taizhou,"I.O.I, Pristin V",F
Kyungho,Jang Kyungho,장경호,경호,2001-05-07,TOO,South Korea,,,M
Kyungil,Song Kyungil,송경일,경일,1987-11-28,HISTORY,South Korea,,,M
Kyungri,Park Kyungri,박경리,경리,1990-07-05,9Muses,South Korea,Busan,9MUSES A,F
Kyungyoon,Lee Kyungyoon,이경윤,경윤,2000-02-21,Dongkiz,South Korea,,,M
L,Kim Myungsoo,김명수,엘,1992-03-13,Infinite,South Korea,Seoul,Infinite F,M
L.Joe,Lee Byunghun,이병헌,엘조,1993-11-23,Teen Top,South Korea,Gunsan,,M
Lai Kuanlin,Lai Kuanlin,라이관린,라이관린,2001-09-23,Wanna One,Taiwan,New Taipei,,M
Laon,Shin Kyuhyun,신규현,라온,1995-12-19,ENOi,South Korea,,,M
Lara,Moon Shinae,문신애,라라,2000-08-09,Dreamnote,South Korea,,,F
Laun,Kim Minseok,김민석,라운,1999-08-12,,South Korea,Seongsan,,M
Lay,Zhang Yixing,장이씽,레이,1991-10-07,EXO,China,Changsa,,M
Layeon,Lee Jimin,이지민,라연,1998-08-13,Purplebeck,South Korea,,,F
LE,Ahn Hyejin,안효진,엘리,1991-12-10,EXID,South Korea,Cheonan,,F
Lea,Ogawa Mizuki,오가와 미즈키,레아,1995-08-12,SECRET NUMBER,Japan,Tokyo,,F
Lee Haein,Lee Haein,이해인,이해인,1992-07-04,I.B.I,South Korea,Changwon,,F
Lee Hoo,Moon Junyoung,문준영,,1989-02-09,ZE:A,South Korea,Seoul,,M
Lee Joon,Lee Changseon,이창선,이준,1988-02-07,,South Korea,Seoul,,M
Lee Know,Lee Minho,이민호,리노,1998-10-25,Stray Kids,South Korea,Gimpo,,M
Lee Suhyun,Lee Suhyun,이수현,이수현,1996-11-05,I.B.I,South Korea,Ansan,,F
Leedo,Kim Geonhak,김건학,이도,1997-07-26,Oneus,South Korea,,,M
Leeteuk,Park Jeongsu,박정수,이특,1983-07-01,Super Junior,South Korea,Seoul,,M
Lena,Kang Rena,강레나,레나,2002-04-17,GWSN,South Korea,,,F
Leo,Jung Taekwon,정택운,레오,1990-11-10,VIXX,South Korea,Seoul,VIXX LR,M
Lex,Jeon Hyungmin,전형민,렉스,1993-01-12,Bigflo,South Korea,,,M
Lia,Choi Jisu,최지수,리아,2000-07-21,ITZY,South Korea,,,F
Lime,Kim Hyerim,김혜림,라임,1993-01-19,Hello Venus,South Korea,,,F
Lin Lin,Huang Ziting,황자정,린린,2003-07-05,,Taiwan,,,F
Lina,Oh Sejin,오세진,리나,1997-07-27,ANS,South Korea,,,F
Lina,Oh Hyesoo,오혜수,리나,1997-05-23,RedSquare,South Korea,,,F
Linzy,Im Minji,임민지,린지,1989-10-22,Fiestar,South Korea,Incheon,,F
Lisa,Pranpriya Manoban,쁘란쁘리야 마노반,리사,1997-03-27,BLACKPINK,Thailand,Bangkok,,F
Liyah,Moon Liya,문리야,리야,2000-05-11,MIXX,South Korea,,,F
Lizzy,Park Sooyoung,박수영,리지,1992-07-31,After School,South Korea,Busan,Orange Caramel,F
Loha,Kang Yejin,강예진,로하,2001-12-27,Nature,South Korea,,,F
Longguo,Jin Longguo,진룽궈,룽궈,1996-03-02,JBJ,China,Heilong,,M
Lou,Kim Hosung,김호성,로우,1996-12-21,VAV,South Korea,,,M
Loudi,Won Jihoon,원지훈,로우디,1996-04-13,14U,Indonesia,,,M
Love,Park Jisung,박지성,러브,1994-01-17,OnlyOneOf,South Korea,,,M
Lu,Im Hayoung,임하영,루,1997-12-03,NATURE,South Korea,,,F
LuA,Jo Hankyeung,조한경,루아,1991-09-14,BADKIZ,South Korea,Busan,,F
Lua,Kim Sookyung,김수경,루아,2000-10-06,Weki Meki,South Korea,,,F
Lucas,Wong Junghei,웡육헤이,루카스,1999-01-25,NCT,Hong Kong,,SuperM,M
Lucy,Noh Hyojung,노효정,루시,2002-08-31,Weki Meki,South Korea,Goyang,,F
Lucy,Kim Daeun,김대은,루시,2004-04-09,woo!ah!,South Korea,,,F
Luda,Lee Luda,이루다,루다,1997-03-06,Cosmic Girls,South Korea,Seoul,WJMK,F
Luha,Lee Gyeonghun,이경훈,루하,1993-02-15,14U,South Korea,,,M
Luhan,Lu Han,루한,루한,1990-04-20,,China,Haidian,,M
Luna,Park Sunyoung,박선영,루나,1993-08-12,f(x),South Korea,Seoul,,F
Manny,Syo Dongchun,쇼동청,만니,2001-11-17,VARSITY,China,,,M
Marco,Lee Hyunggeun,이형근,마르코,1994-05-11,Hot Blood Youth,South Korea,,,M
Mark,Mark Lee,마크 리,마크,1999-08-02,NCT,Canada,Vancouver,"NCT U, NCT 127, NCT Dream, SuperM",M
Mark,Mark Yien Tuan,마크 이엔 투안,마크,1993-09-04,GOT7,USA,Los Angeles,,M
Mashiho,Takata Mashiho,타카타 마시호,마시호,2001-03-25,Treasure,Japan,,,M
Max Changmin,Shin Changmin,심창민,최강창민,1988-02-18,TVXQ,South Korea,Seoul,,M
May,Jeong Chaeyoung,정채영,메이,2001-07-27,NeonPunch,South Korea,,,F
May,Hirokawa Mao,히로카와 마오,메이,2004-11-16,Cherry Bullet,Japan,,,F
Medic Jin,Bae Yujin,배유진,메딕진,1996-08-08,Girlkind,South Korea,,,F
Meiqi,Meng Meiqi,멍메이치,미기,1998-10-15,Cosmic Girls,China,Luoyang,,F
Mia,Son Hyunmi,손현미,미아,1997-12-31,MIXX,South Korea,,,F
Mia,Han Eunji,한은지,미아,2000-01-13,Everglow,South Korea,,,F
Mijoo,Lee Mijoo,이미주,미주,1994-09-23,Lovelyz,South Korea,Okcheon,,F
Miko,Matsuda Miko,마츠다 미코,미코,1995-10-28,Honey Popcorn,Japan,,,F
Mill,Lee Yongsoo,이용수,밀,1999-03-30,OnlyOneOf,South Korea,,,M
Milo,Kim Minhak,김민학,마일로,1996-08-20,Romeo,South Korea,,,M
Mimi,Jung Mimi,정미미,미미,1993-01-01,Gugudan,South Korea,,,F
Mimi,Kim Mihyun,김미현,미미,1995-05-01,Oh My Girl,South Korea,Jeju,,F
Min,Lee Minyoung,이민영,민,1991-06-21,miss A,South Korea,Seoul,,F
Min,Lee Mincheon,이민천,민,1997-10-16,We In The Zone,South Korea,Seoul,,M
Mina,Kwon Mina,권민아,민아,1993-09-21,,South Korea,Busan,,F
Mina,Myoui Mina,묘이 미나,미나,1997-03-24,Twice,Japan,San Antonio,,F
Mina,Kang Mina,강미나,미나,1999-12-04,Gugudan,South Korea,Icheon,Gugudan Oguogu,F
Minah,Bang Minah,방민아,민아,1993-05-13,Girl's Day,South Korea,Incheon,,F
Minchan,Hong Minchan,홍민찬,민찬,1998-09-16,Verivery,South Korea,,,M
Mingi,Son Mingi,송민기,민기,1999-08-09,ATEEZ,South Korea,,,M
Mingyu,Kim Mingyu,김민규,민규,1997-04-06,Seventeen,South Korea,Anyang,,M
Minha,Park Minha,박민하,민하,1991-06-27,,South Korea,Seoul,,F
Minhee,Joo Minhee,주민희,민희,1993-01-03,Stellar,South Korea,Seoul,,F
Minhee,Kang Minhee,강민희,민희,2002-09-17,X1,South Korea,,,M
Minhee,Kang Minhee,강민희,민희,2002-09-17,CRAVITY,South Korea,,,M
Minho,Choi Minho,최민호,민호,1991-12-09,SHINee,South Korea,Incheon,,M
Minhwan,Choi Minhwan,최민환,민환,1992-09-11,FTISLAND,South Korea,Seoul,,M
Minhyuk,Lee Minhyuk,이민혁,민혁,1990-11-29,BtoB,South Korea,Seoul,,M
Minhyuk,Lee Minhyuk,이민혁,민혁,1993-11-03,MONSTA X,South Korea,,,M
Minhyuk,Kang Minhyuk,강민혁,민혁,1991-06-28,CNBLUE,South Korea,Ilsan,,M
Minhyuk,Kim Minhyuk,김민혁,민혁,1999-11-06,D-CRUNCH,South Korea,,,M
Minhyun,Hwang Minhyun,황민현,민현,1995-08-09,NU'EST,South Korea,Busan,NU'EST,M
Mini,,,민이,2000-06-12,Purplebeck,South Korea,,,F
Minjae,Seong Minjae,성민재,민재,1994-12-18,Sonamoo,South Korea,Busan,,F
Minjae,Shin Minjae,신민재,민재,1991-08-13,Tahiti,South Korea,Busan,,F
Minjae,Jo Minjae,조민재,민재,1994-08-08,Spectrum,South Korea,,,M
Minjae,Song Minjae,송민재,민재,2003-08-23,MCND,South Korea,,,M
Minji,Kim Minji,김민지,민지,2001-01-16,Busters,South Korea,,,F
Minjoo,Kim Minjoo,김민주,민주,2001-02-05,IZ*ONE,South Korea,Seoul,,F
Minju,Kang Minjoo,강민주,민주,2001-03-11,GWSN,South Korea,,,F
Minjung,Cha Minjung,차민정,민정,2004-07-15,,South Korea,,,F
Minkyung,Kang Minkyung,강민경,민경,1990-08-03,Davichi,South Korea,Goyang,,F
Minnie,Nicha Yontararak,니차 욘타라락,민니,1997-10-23,(G)I-DLE,Thailand,,,F
Mino,Song Minho,송민호,민호,1993-03-30,WINNER,South Korea,Yongin,,M
Minpyo,Gook Minpyo,국민표,민표,1994-11-15,B.I.G,South Korea,Gwangju,,M
Minseo,Kim Minseo,김민서,민서,2004-08-12,woo!ah!,South Korea,,,F
Minsu,Park Minsu,김민수,민수,1993-04-15,Boys Republic,South Korea,Gwangju,,M
Minsu,Kim Minsu,김민수,민수,2000-03-20,TOO,South Korea,,,M
Minsung,Kim Minhwi,김민휘,민성,1996-12-24,Romeo,South Korea,,,M
Minwoo,No Minwoo,노민우,민우,1995-07-31,Boyfriend,South Korea,Anyang,,M
Minwoo,Ha Minwoo,하민우,민우,1990-09-06,ZE:A,South Korea,Yangsan,,M
Minwoo,Seo Minwoo,서민우,민우,1985-02-08,100%,South Korea,Daegu,,M
Minyoung,Kim Minyeong,김민영,민영,1990-09-12,Brave Girls,South Korea,Seongnam,,F
Minzy,Kong Minji,공민지,민지,1994-01-18,2NE1,South Korea,,,F
Mir,Bang Cheolyong,방철용,미르,1991-03-10,MBLAQ,South Korea,Bukhamyeon,,M
Mir,Lee Yoonsang,이윤상,미르,2000-03-06,Astin,South Korea,,,M
Mirae,Kim Kyungjoo,김경주,미래,1998-03-26,,South Korea,,,F
Miryo,Jo Mihye,조미혜,미료,1981-11-02,Brown Eyed Girls,South Korea,,,F
Miso,Park Miso,박미소,미소,1991-04-04,Tahiti,South Korea,Gwangju,,F
Miso,Park Jihyun,박지현,미소,1996-09-16,P.O.P,South Korea,Busan,,F
Miso,Jeon Jimin,전지민,미소,2000-10-25,Dreamnote,South Korea,,,F
Miya,Miyauchi Haruka,미야우치 하루카,미야,1993-05-26,GWSN,Japan,,,F
Miyeon,Jo Miyeon,조미연,미연,1997-01-31,(G)I-DLE,South Korea,,,F
MJ,Kim Myungjun,김명준,엠제이,1994-03-05,ASTRO,South Korea,Nowon,,M
MK,Park Minkyun,박민균,엠케이,1995-11-16,ONF,South Korea,Ilsan,,M
Moko,Sakura Moko,사쿠라 모코,모코,1991-03-19,Honey Popcorn,Japan,,,F
Momo,Hirai Momo,히라이 모모,모모,1996-11-09,Twice,Japan,Kyoto,,F
Monday,Kim Jimin,김지민,먼데이,2002-05-10,Weeekly,South Korea,,,F
Monika,Kang Yeh,강예,모니카,1991-05-21,BADKIZ,South Korea,Seoul,,F
Moon Bin,Moon Bin,문빈,문빈,1998-01-26,ASTRO,South Korea,Cheongju,,M
Moonbyul,Moon Byulyi,문별이,문별,1992-12-22,Mamamoo,South Korea,Bucheon,,F
Moonhee,Choi Moonhee,최문희,문희,1997-04-15,Bonus Baby,South Korea,,,F
Moonvok,Jang Moonvok,장문복,문복,1995-04-11,Limitless,South Korea,,,M
Munik,Jang Moonik,장문익,문익,2001-03-20,Dongkiz,South Korea,,,M
N,Cha Hakyeon,차학연,엔,1990-06-30,VIXX,South Korea,Changwon,Big Byung,M
Nada,Yoon Yejin,윤예진,나다,1991-05-24,,South Korea,,,F
Naeun,Son Naeun,손나은,나은,1994-02-10,Apink,South Korea,Seoul,,F
Naeun,Lee Naeun,이나은,나은,1999-05-05,APRIL,South Korea,Daejeon,,F
Nahyun,Kim Nahyun,김나현,나현,1995-12-09,Sonamoo,South Korea,Seoul,,F
Nako,Yabuki Nako,야부키 나코,나코,2001-06-18,IZ*ONE,Japan,Tokyo,,F
Nakta,Shin Yooncheol,신윤철,낙타,1993-04-24,,South Korea,Daegu,,M
Nakyung,Lee Nakyung,이나경,나경,2000-06-01,fromis_9,South Korea,Mungyeong,,F
Namjoo,Kim Namjoo,김남주,남주,1995-04-15,Apink,South Korea,Seoul,,F
Nana,Im Jinah,임진아,나나,1991-09-14,After School,South Korea,Cheongju,Orange Caramel,F
Nana,Kwon Nayeon,권나연,우연,2001-03-09,woo!ah!,South Korea,,,F
Nancy,Nancy Mcdonie,낸시 맥다니,낸시,2000-04-13,MOMOLAND,South Korea,Daegu,,F
Nara,Kwon Nara,권나라,나라,1991-03-13,Hello Venus,South Korea,Seongnam,,F
Narachan,Jung Hyunwoo,정현우,나라찬,1996-09-23,MONT,South Korea,,,M
Narae,Park Narae,박나래,나래,1988-02-23,SPICA,South Korea,Incheon,SPICA-S,F
Nari,Kim Nari,김나리,나리,1992-10-05,Wassup,South Korea,,,F
Narsha,Park Hyojin,박효진,나르샤,1981-12-28,Brown Eyed Girls,South Korea,,,F
Nayeon,Im Nayeon,임나연,나연,1995-09-22,Twice,South Korea,Seoul,,F
Nayoung,Kim Nayoung,김나영,나영,1995-11-23,Gugudan,South Korea,,,F
Nayoung,Im Nayoung,임나영,나영,1995-12-18,Pristin,South Korea,Chungcheongham,"I.O.I, Pristin V",F
Nayun,Kim Nayun,김나윤,나윤,1998-07-31,MOMOLAND,South Korea,Seoul,,F
NC.A,Im Soeun,임소은,앤씨아,1996-10-07,UNI.T,South Korea,Osan,,F
New,Choi Chanhee,최찬희,뉴,1998-04-26,The Boyz,South Korea,Jeonju,,M
New Sun,Choi Yoonsun,최윤선,뉴썬,1997-06-19,Sonamoo,South Korea,,,F
Nichkhun,Nichkhun Horvejkul,닛차쿤 허라웻차꾼,닉쿤,1988-06-24,2PM,Thailand,California,,M
Nicole,Nicole Jung,정니콜,니콜,1991-10-07,,South Korea,Los Angeles,,F
Niel,Ahn Daniel,안다니엘,니엘,1994-08-16,Teen Top,South Korea,Anyang,,M
Nine,Jung Wookjin,정욱진,나인,1999-12-13,OnlyOneOf,South Korea,,,M
Noeul,No Eul,노을,노을,1989-05-10,Rainbow,South Korea,Jeonju,,F
O.V,Kim Sanchan,김상찬,오뷔,1999-01-03,D-CRUNCH,South Korea,,,M
Olivia Hye,Son Hyeju,손혜주,올리비아 혜,2001-11-13,LOONA,South Korea,,Loona yyxy,F
Onda,Jo Selim,조세림,온다,2000-05-18,Everglow,South Korea,,,F
Onejunn,Jo Wonjun,조원준,원준,1988-11-22,Boys Republic,South Korea,Changwon,,M
Onew,Lee Jinki,이진기,온유,1989-12-14,SHINee,South Korea,Gwangmyeong,,M
P-Goon,Park Sehyuk,박세혁,피군,1991-10-18,,South Korea,Seoul,,M
P.O,Pyo Jihoon,표지훈,피오,1993-02-02,Block B,South Korea,Seoul,Bastarz,M
Park Kyung,Park Kyung,박경,박경,1992-07-08,Block B,South Korea,Seoul,,M
Peniel,Shin Donggeun,신동근,프니엘,1993-03-10,BtoB,South Korea,Chicago,,M
PSY,Park Jaesang,박재상,싸이,1977-12-31,,South Korea,Seoul,,M
Q,Ji Changmin,지창민,큐,1998-11-05,The Boyz,South Korea,,,M
Qri,Lee Jihyun,이지현,큐리,1986-12-12,T-ara,South Korea,Goyang,,F
Rachel,Sung Nayeon,성나연,레이첼,2000-08-28,APRIL,South Korea,,,F
Rain,Jung Jihoon,정지훈,비,1982-06-25,,South Korea,Seosan,,M
Raina,Oh Hyerin,오혜린,레이나,1989-05-07,After School,South Korea,Ulsan,Orange Caramel,F
Raon,Lee Seoyoung,이서영,라온,2000-01-21,ANS,South Korea,,,F
Ravi,Kim Wonsik,김원식,라비,1993-02-15,VIXX,South Korea,Seoul,VIXX LR,M
Ravn,Kim Yoongjo,김영조,레이븐,1995-09-02,Oneus,South Korea,,,M
Raychan,Lee Heechan,이휘찬,레이찬,1996-04-18,Limitless,South Korea,,,M
Red,Lee Heejin,이희진,빨강,1991-07-10,Pungdeng-E,South Korea,Daegu,,F
Remi,Katsuno Rise,카츠노 리세,레미,2001-04-26,Cherry Bullet,Japan,,,F
Ren,Choi Minki,최민기,렌,1995-11-03,NU'EST,South Korea,Busan,NU'EST W,M
Rena,Kang Yebin,강예빈,레나,1998-10-19,Hinapia,South Korea,,Pristin V,F
Renjun,Hwang Renjun,황런쥔,런쥔,2000-03-23,NCT,China,Jilin,NCT Dream,M
Ricky,Yoo Changhyun,유창현,리키,1995-02-27,Teen Top,South Korea,Seoul,,M
Rie,Lee Seungho,이성호,리에,1996-11-06,OnlyOneOf,South Korea,,,M
Riho,Jin Seungwook,진승욱,리호,1998-03-01,VARSITY,South Korea,Incheon,,M
Rina,Kang Soeun,강소은,리나,2001-09-27,Weki Meki,South Korea,,,F
Rio,Son Gwanghyuk,손광혁,리오,1999-07-16,14U,South Korea,,,M
RM,Kim Namjoon,김남준,알엠,1994-09-12,BTS,South Korea,Ilsan,,M
Roa,Kim Minkyung,김민경,로아,1997-07-29,Hinapia,South Korea,,Pristin V,F
Rocky,Park Minhyuk,박민혁,라키,1999-02-25,ASTRO,South Korea,Jinju,,M
Roda,Shin Joongmin,신중민,로다,1998-09-19,MONT,South Korea,,,M
Roel,Kim Sunho,김선호,로엘,1997-02-13,ARGON,South Korea,,,M
Rokhyun,Kim Rokhyun,김록현,록현,1991-02-10,100%,South Korea,Suncheon,,M
Ron,Cheon Byeonghwa,천병화,론,1991-01-22,Bigflo,South Korea,,,M
Ros?,Roseanne Park,로잔느 박,로제,1997-02-11,BLACKPINK,South Korea,Auckland,,F
Rowoon,Kim Seokwoo,김석우,로운,1996-08-07,SF9,South Korea,,,M
Royeon,Jeon Hyunjoo,전현주,로연,1998-02-20,ANS,South Korea,,,F
Rubin,Lee Haejoon,이해준,루빈,1995-08-16,1TEAM,South Korea,,,M
Rui,Watanabe Rui,와타나베 루이,루이,1994-10-08,H.U.B,Japan,,,F
Ryeowook,Kim Ryeowook,김려욱,려욱,1987-06-21,Super Junior,South Korea,Incheon,Super Junior-M,M
Ryujin,Shin Ryujin,신류진,류진,2001-04-17,ITZY,South Korea,,,F
S.Coups,Choi Seungcheol,최승철,에스.쿱스,1995-08-08,Seventeen,South Korea,Daegu,,M
Saebom,Kim Saerok,김새록,새봄,1997-01-30,NATURE,South Korea,,,F
Saebom,Kim Seyoung,김세영,새봄,1995-01-13,Favorite,South Korea,Gwacheon,,F
Saebyeok,Shim Jaeyoung,심재영,새벽,1996-11-09,Ho1iday,South Korea,,,F
Saebyeol,Han Saebyeol,한새별,새별,1996-05-23,Matilda,South Korea,,,F
Saerom,Lee Saerom,이새롬,새롬,1997-01-07,fromis_9,South Korea,Gangwon,,F
Sakang,Jeon Sakang,정사강,사강,2002-10-26,TheEastLight,South Korea,,,M
Sakura,Miyawaki Sakura,미야와키 사쿠라,사쿠라,1998-03-19,IZ*ONE,Japan,Kagoshima,,F
Sally,Liu Xiening,류셰닝,샐리,1996-10-23,Gugudan,China,Guangdong,,F
Samuel,Kim Samuel,김사무엘,사무엘,2002-01-17,,South Korea,Los Angeles,,M
San,Choi San,최산,산,1999-07-10,ATEEZ,South Korea,,,M
Sana,Minatozaki Sana,미나토자키 사나,사나,1996-12-29,Twice,Japan,Osaka,,F
Sandeul,Lee Junghwan,이정환,산들,1992-03-20,B1A4,South Korea,Busan,,M
Sanga,Lee Sanga,이상아,상아,1999-08-05,Pink Fantasy,South Korea,,,F
Sangdo,Yoo Sangdo,유상도,상도,1993-03-02,Topp Dogg,South Korea,Incheon,,M
Sangho,Jo Sangho,조상호,상호,1995-02-10,SNUPER,South Korea,Changwon,,M
Sanghoon,Lee Sanghoon,이상훈,상훈,1993-12-23,,South Korea,Cheongju,,M
Sangil,Shim Sangil,심상일,상일,1993-05-01,SNUPER,South Korea,Seoul,,M
Sangmin,Kim Sangmin,김상민,상민,1992-07-07,CROSS GENE,South Korea,Jinju,,M
Sangyeon,Lee Sangyeon,이상연,상연,1996-11-04,The Boyz,South Korea,,,M
Sanha,Yoon Sanha,윤산하,산하,2000-03-21,ASTRO,South Korea,Seoul,,M
Sea,Kim Sujeong,김수정,세아,1999-12-05,Highteen,South Korea,,,F
Sebin,Jang Sebin,장세빈,세빈,1996-04-24,SNUPER,South Korea,Pocheon,,M
Seea,Kang Eunyoung,강은영,시아,1994-08-21,Pink Fantasy,South Korea,,,F
Sehun,Oh Sehun,오세훈,세훈,1994-04-12,EXO,South Korea,Seoul,,M
Sehyung,Kang Sehyung,강세형,세형,1998-12-13,Berry Good,South Korea,,,F
Sei,Lee Seojung,이서정,세이,2000-01-07,Weki Meki,South Korea,,,F
Sejeong,Kim Sejeong,김세정,세정,1996-08-28,Gugudan,South Korea,,,F
Sejin,Lee Sejin,이세진,세진,1999-07-22,14U,South Korea,,,M
Sejun,Lim Sejun,임세준,세준,1996-05-04,VICTON,South Korea,,,M
Seline,Jung Yeonjeong,정연정,셀린,2000-07-20,Cignature,South Korea,,,F
Semi,Gu Semi,구세미,세미,2002-04-10,Cignature,South Korea,,,F
Semmi,Oh Heesun,오희선,세미,1995-10-22,Matilda,South Korea,,,F
Seogoong,Park Hyunho,박현호,서궁,1992-05-01,,South Korea,Seongnam,,M
Seoham,Park Seoham,박서함,서함,1993-10-28,KNK,South Korea,,,M
Seoho,Lee Seoho,이서호,서호,1996-07-07,Oneus,South Korea,,,M
Seohyun,Seo Joohyun,서주현?,서현?,1991-06-28,SNSD,South Korea,Seoul,TTS,F
Seokcheol,Lee Seokchul,이석철,석철,2000-01-11,TheEastLight,South Korea,,,M
Seokyoung,Kim Seokyung,김서경,서경,1999-04-16,GWSN,South Korea,,,F
Seol,Min Jihye,민지혜,설,1997-01-01,P.O.P,South Korea,Gunsan,,F
Seola,Kim Hyunjung,김현정,설아,1994-12-24,Cosmic Girls,South Korea,Seoul,WJMK,F
Seolhyun,Kim Seolhyun,김설현,설현,1995-01-03,AoA,South Korea,Bucheon,,F
Seonghwa,Park Seonghwa,박성화,성화,1998-04-03,ATEEZ,South Korea,Jinju,,M
Seonglee,Kim Seonglee,김성리,성리,1994-04-06,,South Korea,,,M
Seongmin,Ahn Seongmin,안성민,성민,2003-08-01,CRAVITY,South Korea,,,M
Seongwu,Ong Seunwu,옹성우,성우,1995-08-25,Wanna One,South Korea,Incheon,,M
Seoryoung,Lee Seoryung,이서령,서령,2000-01-26,GWSN,South Korea,,,F
Seoyeon,Lee Seoyeon,이서연,서연,2000-01-22,fromis_9,South Korea,Seoul,,F
Seoyeon,Kim Minju,김민주,서연,1995-11-26,Favorite,South Korea,Gwacheon,,F
Seoyoung,Lee Seoyoung,이서영,서영,1994-06-27,Hello Venus,South Korea,,,F
Seoyul,Seo Yuri,서유리,서율,1997-11-26,Berry Good,South Korea,,,F
Serim,Park Serim,박세림,세림,1999-03-03,CRAVITY,South Korea,,,M
Serri,Park Miyeon,박미연,세리,1990-09-16,Dal Shabet,South Korea,Seoul,,F
Seulgi,Kang Seulgi,강슬기,슬기,1994-02-10,Red Velvet,South Korea,Seoul,,F
Seulgi,Jeong Seulgi,정슬기,슬기,1990-05-12,S#aFLA,South Korea,,,F
Seungah,Oh Seungah,오승아,승아,1988-09-13,Rainbow,South Korea,Seoul,"Rainbow Blaxx, Rainbow Pixie",F
Seungbo,Jung Seungbo,정승보,승보,1997-11-01,VARSITY,South Korea,Ilsan,,M
Seungchan,Kang Seungchan,강승찬,승찬,2003-01-01,Newkidd,South Korea,,,M
Seungeun,Shim Seungeun,심승은,승은,2000-12-27,BVNDIT,South Korea,,,F
Seunghan,Lee Seunghan,이승한,승한,1996-02-22,DUSTIN,South Korea,,,M
Seunghee,Oh Seunghee,오승희,승희,1995-10-10,CLC,South Korea,Gwangju,,F
Seunghee,Hyun Seunghee,현승희,승희,1996-01-25,Oh My Girl,South Korea,Chuncheon,,F
Seungho,Yang Seungho,양승호,승호,1987-10-16,MBLAQ,South Korea,Seoul,,M
Seunghoon,Lee Seunghoon,이승훈,승훈,1992-01-11,WINNER,South Korea,Busan,,M
Seunghun,Kim Seunghun,김승훈,승훈,1999-02-26,CIX,South Korea,,,M
Seunghwan,Lee Seunghwan,이승환,승환,1994-12-10,Romeo,South Korea,,,M
Seunghwan,Lee Seunghwan,이승환,승환,2000-05-20,1the9,South Korea,,,M
Seunghyub,Lee Seunghyub,이승협,승협,1992-10-31,N.Flying,South Korea,Daegu,,M
Seunghyun,Song Seungyun,송승현,승현,1992-08-21,FTISLAND,South Korea,Seoul,,M
Seunghyun,Lee Seunghyun,이승현,승현,2001-12-31,TheEastLight,South Korea,,,M
Seungjun,Ji Seungjun,지승준,승준,1998-09-15,Astin,South Korea,,,M
Seungkwan,Boo Seungkwan,부승관,승관,1998-01-16,Seventeen,South Korea,Jeju,,M
Seungmin,Bae Seungmin,배승민,승민,1998-10-13,Golden Child,South Korea,,,M
Seungmin,Kim Seungmin,김승민,승민,2000-09-22,Stray Kids,South Korea,Seoul,,M
Seungmin,Lee Seungmin,이승민,승민,1996-02-03,Hashtag,South Korea,,,F
Seungri,Lee Seunghyun,이승현,승리,1990-12-12,BIGBANG,South Korea,Gwangju,,M
Seungsik,Kang Seungsik,강승식,승식,1995-04-16,VICTON,South Korea,,,M
Seungwoo,Han Seungwoo,한승우,승우,1994-12-24,X1,South Korea,,VICTON,M
Seungyeon,Jang Seunyeon,장승연,승연,1996-11-06,CLC,South Korea,Seongnam,,F
Seungyeon,Han Seungyeon,한승연,승연,1988-07-24,KARA,South Korea,Seoul,,F
Seungyoon,Kang Seungyoon,강승윤,승윤,1994-01-21,WINNER,South Korea,Busan,,M
Seungyoon,Cho Seungyoon,조승연,승연,1996-08-05,X1,South Korea,,UNIQ,M
Seyeon,Park Seyeon,박세연,세연,2001-05-06,Purplebeck,South Korea,,,F
Seyong,Kim Seyong,김세용,세용,1991-11-20,MYNAME,South Korea,Busan,,M
Seyoung,Lee Seyoung,이세영,세영,1990-02-08,CROSS GENE,South Korea,Busan,,M
Shihyun,Kim Shihyun,김시현,시현,1998-05-06,We In The Zone,South Korea,Changwon,,M
Shin,Shin Wonho,신원호,신,1991-10-23,CROSS GENE,South Korea,Seoul,,M
Shindong,Shin Donghee,신동희,신동,1985-09-28,Super Junior,South Korea,Mungyeong,,M
Shinwon,Go Shinwon,고신원,신원,1995-12-11,PENTAGON,South Korea,,,M
Shinyoung,Park Shinyoung,박신영,신영,2000-03-19,G-reyish,South Korea,,,F
Shownu,Son Hyunwoo,손현우,셔누,1992-06-18,MONSTA X,South Korea,,,M
Shuhua,Yeh Shuhua,예슈화,슈화,2000-01-06,(G)I-DLE,Taiwan,,,F
Sihyeon,Kim Sihyeon,김시현,시현,1999-08-05,Everglow,South Korea,,,F
Sihyeon,Kang Sihyeon,강시현,시현,1998-07-15,ARIAZ,South Korea,,,F
Sihyoung,Kim Sihyoung,김시형,시형,1992-05-15,HISTORY,South Korea,Busan,,M
Sihyun,Park Sihyun,박시현,시현,1986-11-29,SPICA,South Korea,,SPICA-S,F
Sika,Ren Shika,렌 시카,시카,1995-08-22,FANATICS,China,,,F
Simyeong,Lee Simyeong,이시명,시명,1999-05-27,BVNDIT,South Korea,,,F
SinB,Hwang Eunbi,황은비?,신비,1998-06-03,Gfriend,South Korea,Cheongju,,F
Siu,Hwang Inseok,황인석,시우,1995-05-19,DUSTIN,South Korea,,,M
Siwan,Yim Siwan,임시완,시완,1988-12-01,ZE:A,South Korea,Busan,,M
Siwon,Choi Siwon,최시원,시원,1986-04-07,Super Junior,South Korea,Seoul,Super Junior-M,M
Siwoo,Yoo Siwoo,유시우,시우,2001-05-11,TRCNG,South Korea,,,M
Siyeon,Lee Siyeon,이시연,시연,1995-10-01,Dreamcatcher,South Korea,Daegu,,F
Soeun,Park Soeun,박소은,소은,2002-10-26,Weeekly,South Korea,,,F
Sohee,Kim Sohee,김소희,소희,1999-12-31,ELRIS,South Korea,,,F
Sohee,Kim Sohee,김소희,소희,2003-08-14,Rocket Punch,South Korea,,,F
Sohye,Kim Sohye,김소혜,소혜,1999-07-19,,South Korea,Seoul,,F
Sohyun,Kwon Sohyun,권소현,소현,1994-08-30,4minute,South Korea,Seoul,,F
Sojin,Park Sojin,박소진,소진,1986-05-21,Girl's Day,South Korea,Daegu,,F
Sojin,Jo Sojin,조소진,소진,1991-10-11,9Muses,South Korea,Gwangju,9MUSES A,F
Sojin,Hong Sojin,홍소진,소진,1999-09-24,Hashtag,South Korea,,,F
Sojung,Lee Sojung,이소정,소정,1993-09-03,Ladies' Code,South Korea,Wonju,,F
Solar,Kim Yongsun,김용선,솔라,1991-02-21,Mamamoo,South Korea,Seoul,,F
Solbin,Ahn Solbin,안솔빈,솔빈,1997-08-19,LABOUM,South Korea,Ojeonggu,,F
Solji,Heo Solji,허솔지,솔지,1989-01-10,EXID,South Korea,Seongnam,,F
Somi,Jeon Somi,전소미,소미,2001-03-09,,South Korea,Ontario,,F
Somin,Jang Somin,장소민,소민,1993-11-10,BADKIZ,South Korea,Gwangmyeon,,F
Somin,Jeon Somin,전소민,소민,1996-08-22,KARD,South Korea,Seoul,,F
Somyi,Ahn Somyi,안솜이,솜이,2000-01-26,DIA,South Korea,Changwon,L.U.B,F
Song,Song Yunhyeong,송윤형,송,1995-02-08,iKON,South Korea,,,M
Songhee,Yoon Songhee,윤송희,송희,1998-11-08,BVNDIT,South Korea,,,F
Songyee,Park Songyee,박송이,송이,2004-09-25,woo!ah!,South Korea,,,F
Soobin,Park Soobin,박수빈,수빈,1996-09-14,Cosmic Girls,South Korea,Seoul,,F
Soobin,Choi Soobin,최수빈,수빈,2000-12-05,TXT,South Korea,,,M
Soodam,Lee Soodam,이수담,수담,1999-11-09,SECRET NUMBER,South Korea,,,F
Soohyun,Shin Soohyun,신수현,수현,1989-03-11,U-KISS,South Korea,Pocheon,,M
Soojin,Seo Soojin,서수진,수진,1998-03-09,(G)I-DLE,South Korea,,,F
Soojin,Lee Soojin,이수진,수진,2001-12-12,Weeekly,South Korea,,,F
Sooyoung,Choi Sooyoung,최수영?,수영?,1990-02-10,SNSD,South Korea,Gwangju,,F
Sora,Sakata Sora,사카타 소라,소라,2003-08-30,woo!ah!,Japan,,,F
Sorn,Chonnasorn Sajakul,촌나손 사짜꾼,손,1996-11-18,CLC,Thailand,Bangkok,,F
Soso,Wang Chingyi,왕징이,소소,2001-03-14,GWSN,Taiwan,,,F
Sowon,Kim Sojung,김소정,소원,1995-12-07,Gfriend,South Korea,Seoul,,F
Soyee,Jang Sojin,장소진,소이,1996-11-21,Gugudan,South Korea,,,F
Soyeon,Jung Soyeon,정소연,소연,1994-05-04,LABOUM,South Korea,Gwangju,,F
Soyeon,Park Soyeon,박소연,소연,1987-10-05,T-ara,South Korea,Andong,,F
Soyeon,Jeon Soyeon,전소연,소연,1998-08-26,(G)I-DLE,South Korea,,,F
Soyou,Kang Jihyun,강지현,소유,1992-02-12,SISTAR,South Korea,,,F
Soyoung,Yoo Soyoung,유소영,소영,1996-03-29,,South Korea,Seoul,,F
Soyul,Park Hyekyeong,박혜경,소율,1991-05-15,Crayon Pop,South Korea,Seoul,,F
St. Van,Lee Geumhyuk,이금혁,세인트 반,1991-12-22,VAV,South Korea,,,M
Sua,Kim Bora,김보라,수아,1994-08-10,Dreamcatcher,South Korea,Changwon,,F
Sua,Yang Sua,양수아,수아,1995-03-24,Hashtag,South Korea,Gwangju,,F
Subin,Park Subin,박수빈,수빈,1994-02-12,Dal Shabet,South Korea,Gwangju,,F
Subin,Jung Subin,정수빈,수빈,1999-04-05,VICTON,South Korea,,,M
Subin,Oh Subin,오수빈,수빈,1998-09-30,Hashtag,South Korea,,,F
Suga,Min Yoongi,민윤기,슈가,1993-03-09,BTS,South Korea,Daegu,,M
Sugyeong,Jo Sugyeong,조수경,수경,2000-01-12,Favorite,South Korea,Haenam,,F
Suho,Kim Junmyeon,김준면,수호,1991-05-22,EXO,South Korea,Seoul,,M
Suhyeon,Kim Seunghyun,김승현,수현,1988-04-19,S#aFLA,South Korea,,,F
Suhyun,Choi Hyunggeun,최형근,수현,1992-10-01,SNUPER,South Korea,Bucheon,,M
Sujeong,Ryu Sujeong,류수정,수정,1997-11-19,Lovelyz,South Korea,Daejeon,,F
Suji,Lee Suji,이수지,수지,1998-03-20,UNI.T,South Korea,Busan,,F
Sujin,Bang Sujin,방수진,수진,1996-06-26,Wassup,South Korea,,,F
Sulli,Choi Jinri,최진리,설리,1994-03-29,,South Korea,Busan,,F
Sumin,Ji Sumin,지수민,수민,1994-03-03,Sonamoo,South Korea,Yongin,,F
Sumin,Park Sumin,박수민,수민,2001-09-09,Dreamnote,South Korea,,,F
Sun J,Jeon Heesun,전희선,썬제이,2001-02-13,Girlkind,South Korea,,,F
Sungah,Son Sungah,손성아,성아,1989-07-08,9Muses,South Korea,Suma,,F
Sunghyuk,Seo Sunghyuk,서성혁,성혁,1999-08-26,,South Korea,,,M
Sunghyun,Kim Sunghyun,김성현,성현,1996-03-16,IN2IT,South Korea,,,M
Sungjae,Yook Sungjae,육성재,성재,1995-05-02,BtoB,South Korea,Yongin,Big Byung,M
Sungjin,Park Sungjin,박성진,성진,1993-02-16,DAY6,South Korea,,,M
Sungjong,Lee Sungjong,이성종,성종,1993-09-03,Infinite,South Korea,Gwangju,Infinite F,M
Sungjoo,Kim Sungjoo,김성주,성주,1994-02-16,UNIQ,South Korea,,,M
Sungjun,Park Sungjun,박성준,성준,1992-12-17,Boys Republic,South Korea,Ansan,,M
Sungkyu,Kim Sungkyu,김성규,성규,1989-04-28,Infinite,South Korea,Jeonju,,M
Sungmin,Lee Sungmin,이성민,성민,1986-01-01,Super Junior,South Korea,Gyeonggi,Super Junior-M,M
Sungmin,Oh Sungmin,오성민,성민,1990-12-31,Bigflo,South Korea,,,M
Sungoh,Yoo Sungoh,유성오,성오,1991-01-08,,South Korea,,,M
Sungwon,Park Sungwon,박성원,성원,2003-12-18,1the9,South Korea,Seoul,,M
Sungwoon,Ha Sungwoon,하성운,성운,1994-03-22,Wanna One,South Korea,Goyang,HOTSHOT,M
Sungyeol,Lee Sungyeol,이성열,성열,1991-08-27,Infinite,South Korea,Yongin,Infinite F,M
Sungyeon,Bae Sungyeon,배성연,성연,1999-05-25,Pristin,USA,California,,F
Sunhwa,Han Sunhwa,한선화,선화,1990-10-06,,South Korea,Busan,,F
Sunmi,Lee Sunmi,이선미,선미,1992-05-02,Wonder Girls,South Korea,Iksan,,F
Sunn,Hwang Jiwon,황지원,선,2000-02-07,Cignature,South Korea,Jincheon,,F
Sunny,Lee Sunkyu,이순규?,써니,1989-05-15,SNSD,South Korea,California,,F
Sunshine,Kim Minjung,김민정,선샤인,2002-06-20,NATURE,South Korea,,,F
Sunwoo,Choi Sunwoo,최선우,선우,1992-03-12,Boys Republic,South Korea,Seoul,,M
Sunwoo,Kim Sunwoo,김선우,선우,2000-04-12,The Boyz,South Korea,,,M
Sunyoul,Seon Yein,선예인,선율,1996-11-06,UP10TION,South Korea,Wando,,M
Surin,Kim Surin,김수린,수린,1991-12-27,Two X,South Korea,,,F
Suwoong,Lee Suwoong,이수웅,수웅,1995-01-20,Boys Republic,South Korea,,,M
Suyeon,Ji Suyeon,지수연,수연,1997-04-20,Weki Meki,South Korea,,,F
Suyun,Kim Suyun,김수윤,수윤,2001-03-17,Rocket Punch,South Korea,,,F
Suzy,Bae Suji,배수지,수지,1994-10-10,miss A,South Korea,Gwangju,,F
Swan,Kim Suan,김수안,수안,2000-12-28,CRAXY,South Korea,,,F
T.O.P,Choi Seunghyun,최승현,탑,1987-11-04,BIGBANG,South Korea,Seoul,GD&TOP,M
Taecyeon,Ok Taecyeon,옥택연,택연,1988-12-27,2PM,South Korea,Busan,,M
Taedong,Kim Taedong,김태동,태동,1997-11-07,GIDONGDAE,South Korea,,,M
Taeeun,Moon Taeeun,문태은,태은,2000-02-09,IM,South Korea,,,M
Taeha,Yoo Taeha,유태하,태하,1995-10-05,Berry Good,South Korea,,,F
Taeha,Kim Taeha,김태하,태하,1998-06-03,MOMOLAND,South Korea,Jeonju,,F
Taeheon,Kim Taeheon,김태헌,태헌,1989-06-18,ZE:A,South Korea,Gwangju,,M
Taehyun,Nam Taehyun,남태현,태현,1994-05-10,,South Korea,Hanam,,M
Taehyun,Noh Taehyun,노태현,태현,1993-10-15,HOTSHOT,South Korea,Seoul,JBJ,M
Taehyun,Kang Taehyun,강태현,태현,2002-02-05,TXT,South Korea,,,M
Taeil,Lee Taeil,이태일,태일,1990-09-24,Block B,South Korea,Seoul,,M
Taeil,Moon Taeil,문태일,태일,1994-06-14,NCT,South Korea,Seoul,"NCT U, NCT 127",M
Taekhyeon,Jung Taekhyeon,정택현,택현,2003-07-28,1the9,South Korea,Gunpo,,M
Taemin,Lee Taemin,이태민,태민,1993-07-18,SHINee,South Korea,Seoul,SuperM,M
Taera,Lee Yujin,이유진,태라,1994-04-12,Gate9,South Korea,Incheon,,F
Taeseon,Yang Taeseon,양태선,태선,2000-09-17,TRCNG,South Korea,,,M
Taesung,Lee Taesung,이태승,태승,2003-12-19,TEEN TEEN,South Korea,,,M
Taewoo,Kim Taewoo,김태우,태우,1999-04-23,1the9,South Korea,,,M
Taewoong,Yoo Taewoong,유태웅,태웅,1994-05-24,SNUPER,South Korea,,,M
Taeyang,Dong Youngbae,동영배,태양,1988-05-18,BIGBANG,South Korea,Uljeongbu,,M
Taeyang,Yoo Taeyang,유태양,태양,1997-02-28,SF9,South Korea,,,M
Taeyeon,Kim Taeyeon,김태연,태연,1989-03-09,SNSD,South Korea,Jeonju,"TTS, Oh!GG",F
Taeyong,Lee Taeyong,이태용,태용,1995-07-01,NCT,South Korea,,"NCT U, NCT 127,SuperM",M
Taeyoung,Kim Taeyoung,김태영,태영,2003-01-27,CRAVITY,South Korea,,,M
TAG,Son Youngtaek,손영택,태그,1998-04-13,Golden Child,South Korea,,,M
Takuya,Terada Takuya,테라다 타쿠야,타쿠야,1992-03-18,CROSS GENE,Japan,Moriya,,M
Tao,Hwang Zitao,황자도,타오,1993-05-02,,China,Qingdao,,M
Taro,Choi Wonjin,최원진,타로,1994-11-09,Hot Blood Youth,South Korea,,,M
Ten,Chittaphon Leechaiyapornkul,칫따폰 리차이야뽄꾼,텐,1996-02-27,NCT,Thailand,Bangkok,"NCT U,SuperM",M
Terry,Han Dasom,한다솜,테리,1998-02-02,,South Korea,,,F
The8,Xu Minghao,쉬밍하오,디에잇,1997-11-07,Seventeen,China,Anshan,,M
Thunder,Park Sanghyun,박상현,천둥,1990-10-07,,South Korea,Busan,,M
Tiffany,Hwang Miyoung,황미영,티파니,1989-08-01,SNSD,South Korea,San Francisco,TTS,F
Timoteo,Kim Moongyu,김문규,티모테오,1993-01-25,HOTSHOT,South Korea,,,M
Tina,Christine Joy Park,크리스틴 조이 박,티나,1994-09-01,Blady,USA,Los Angeles,,F
Tzuyu,Chou Tzuyu,저우쯔위,쯔위,1999-06-14,Twice,Taiwan,Tainan,,F
U,Mizuguchi Yuto,미즈구치 유토,유,1999-03-16,ONF,Japan,Osaka,,M
U-Know Yunho,Jung Yunho,정윤호,유노윤호,1986-02-06,TVXQ,South Korea,Gwangju,,M
U-Kwon,Kim Yukwon,김유권,유권,1992-04-09,Block B,South Korea,Suwon,Bastarz,M
U-Si,Yoo Jiyeon,윤지연,유시,1997-11-13,BADKIZ,South Korea,Iksan,,F
Uchae,Yu Hyejun,유혜준,유채,2002-05-07,NATURE,South Korea,,,F
Uee,Kim Yujin,김유진,유이,1988-04-09,After School,South Korea,Daegu,,F
Uji,Jang Yuji,정유지,유지,1991-01-02,,South Korea,,,F
Umji,Kim Yewon,김예원,엄지,1998-08-19,Gfriend,South Korea,Incheon,,F
V,Kim Taehyung,김태형,뷔,1995-12-30,BTS,South Korea,Daegu,,M
Vernon,Choi Hansol,최한솔,버논,1998-02-18,Seventeen,USA,New York,,M
Victoria,Song Qian,송치엔,빅토리아,1987-02-02,f(x),China,Qingdao,,F
Viki,Kang Eunhye,강은혜,비키,1988-03-28,,South Korea,Seoul,,F
Villain,Lee Seunghyun,이승현,빌런,1998-07-17,Spectrum,South Korea,,,M
Vivi,Wong Viian,황가희,비비,1996-12-09,LOONA,Hong Kong,Hong Kong,Loona 1/3,F
Vivian,Park Sunghee,박성희,비비안,1998-12-08,Gate9,South Korea,,,F
Way,Heo Minsun,허민선,웨이,1990-07-12,Crayon Pop,South Korea,Seoul,,F
Wei,Lee Sungjun,이성준,웨이,1996-07-08,UP10TION,South Korea,Seoul,,M
Wendy,Son Seunghwan,손승완,웬디,1994-02-21,Red Velvet,South Korea,Seoul,,F
Wenhan,Li Wenhan,리원한,원한,1994-07-22,UNIQ,China,,,M
Wheein,Jung Wheein,정휘인,휘인,1995-04-17,Mamamoo,South Korea,Jeonju,,F
Win,Bang Junhyuk,방준혁,윈,2004-12-19,MCND,South Korea,,,M
Winwin,Dong Sicheng,뚱쓰청,윈윈,1997-10-28,NCT,China,Zhejiang,NCT 127,M
Wondae,Seol Wondae,설원대,원대,1998-04-28,Dongkiz,South Korea,,,M
Wonho,Shin Hoseok,신호석,원호,1993-03-01,MONSTA X,South Korea,Anyang,,M
Wonjin,Won Jin,원진,원진,2003-01-01,GIDONGDAE,South Korea,,,M
Wonjin,Ham Wonjin,함원진,원진,2001-03-22,CRAVITY,South Korea,,,M
Wonpil,Kim Wonpil,김원필,원필,1994-04-28,DAY6,South Korea,,,M
Wontaek,Ju Wontaek,주원탁,원탁,1996-02-24,,South Korea,,,M
Wonwoo,Jeon Wonwoo,전원우,원우,1996-07-17,Seventeen,South Korea,Changwon,,M
Wonyoung,Jang Wonyoung,장원영,원영,2004-08-31,IZ*ONE,South Korea,Seoul,,F
Woo-ah,Kim Chaewon,김채원,우아,1997-07-20,CRAXY,South Korea,,,F
Woobin,Seo Woobin,서우빈,우빈,2000-10-16,CRAVITY,South Korea,,,M
Woochul,Shin Woochul,신우철,우철,2002-10-02,Newkidd,South Korea,,,M
Woodam,Park Woodam,박우담,우담,1995-08-02,D1CE,South Korea,,,M
Woohee,Bae Woohee,배우희,우희,1991-09-21,Dal Shabet,South Korea,Busan,UNI.T,F
Woohyun,Nam Woohyun,남우현,우현,1991-02-08,Infinite,South Korea,Seoul,Toheart,M
Woojin,Park Woojin,박우진,우진,1999-11-02,AB6IX,South Korea,Busan,,M
Woojin,Lee Woojin,이우진,우진,2003-04-03,TheEastLight,South Korea,,,M
Woojin,Kim Woojin,김우진,우진,1997-04-08,,South Korea,Daejeon,,M
Woojin,Lee Woojin,이우진,우진,2003-04-07,TEEN TEEN,South Korea,,,M
Woojoo,Kim Woojoo,김우주,우주,1996-08-12,Wassup,South Korea,,,F
Woojoo,Kim Sangyoon,김상윤,우주,1996-09-18,14U,South Korea,,,M
Woolim,Hwang Woolim,황우림,우림,1996-08-29,Playback,South Korea,,,F
Woonggi,Cha Woonggi,차웅기,웅기,2002-04-23,TOO,South Korea,,,M
Woori,Go Woori,고우리,우리,1988-02-22,Rainbow,South Korea,Jeonju,Rainbow Blaxx,F
Wooseok,Jeong Wooseok,정우석,우석,1998-01-31,PENTAGON,South Korea,,,M
Wooshin,Kim Wooseok,김우석,우신,1996-10-27,X1,South Korea,Daejeon,UP10TION,M
Woosu,Kim Minseok,김민석,우수,1999-11-23,IZ,South Korea,,,M
Woosung,Choi Sunghyuk,최성혁,우성,1994-09-24,SNUPER,South Korea,Seoul,,M
Wooyeon,Park Jinkyung,박진경,우연,2003-02-11,woo!ah!,South Korea,,,F
Wooyeop,Jo Wooyeop,조우엽,우엽,2000-09-27,TRCNG,South Korea,,,M
Wooyoung,Jang Wooyoung,장우영,우영,1989-04-30,2PM,South Korea,Busan,,M
Wooyoung,Jung Wooyoung,정우영,우영,1999-11-26,ATEEZ,South Korea,,,M
Woozi,Lee Jihoon,이지훈,우지,1996-11-22,Seventeen,South Korea,Busan,,M
Wow,Kim Seyoon,김세윤,와우,1993-02-28,A.C.E,South Korea,Gyeonggi,,M
Wyatt,Shim Jaeyoung,심재영,와이엇,1995-01-23,ONF,South Korea,Seoul,,M
Xeheun,Lee Seheun,이세흔,세흔,1999-07-11,Girlkind,South Korea,,,F
Xero,Shin Jiho,신지호,제로,1994-02-03,Topp Dogg,South Korea,Gwangji,,M
Xia Junsu,Kim Junsu,김준수,시아 준수,1986-12-15,JYJ,South Korea,,,M
Xiao,Lee Dongyeol,이동열,샤오,1998-12-13,UP10TION,South Korea,Busan,,M
Xin,Wang Xinwi,왕씬위,씬,1996-11-10,VARSITY,China,,,M
Xion,Son Dongju,손동주,시온,2000-01-20,Oneus,South Korea,,,M
Xiumin,Kim Minseok,김민석,시우민,1990-03-26,EXO,South Korea,Guri,EXO-CBX,M
Xiweol,Kang Minseok,강민석,시월,1996-10-21,VARSITY,South Korea,,,M
Xiyeon,Park Junghyun,박정현,시연,2000-11-14,Pristin,South Korea,,,F
Xuanyi,Wu Xuanyi,우쉬안이,선의,1995-01-26,Cosmic Girls,China,Hainan,,F
Y,Choi Sungyoon,최성윤,와이,1995-07-31,Golden Child,South Korea,,,M
Yan An,Yan An,옌안,옌안,1996-10-25,PENTAGON,China,Shanghai,,M
Yano,Seo Sangwon,서상원,야노,1995-09-27,Topp Dogg,South Korea,Seoul,,M
Yeah,Kim Haeun,김하은,예아,1999-10-09,Cignature,South Korea,Gongju,,F
Yebin,Baek Yebin,백예빈,예빈,1997-07-13,DIA,South Korea,Chuncheon,UNI.T,F
Yechan,Shin Yechan,신예찬,예찬,2001-05-14,1the9,South Korea,Seoul,,M
Yechan,Kim Yechan,김예찬,예찬,1995-11-26,Pink Fantasy,South Korea,,,F
Yedam,Bang Yedam,방예담,예담,2002-05-07,Treasure,South Korea,,,M
YeeEun,Jang Yeeun,장예은,예은,1998-08-10,CLC,South Korea,Dongducheon,,F
Yeeun,Hwang Yeeun,황예은,예은,1997-01-12,Blady,South Korea,Gimhae,,F
Yehana,Kim Yewon,김예원,예하나,1999-02-22,Pristin,South Korea,Ilsan,,F
Yehyeon,Kim Yehyeon,김예현,예현,1999-09-12,GIDONGDAE,South Korea,,,M
Yein,Jeong Yein,정예인,예인,1998-06-04,Lovelyz,South Korea,Incheon,,F
Yein,Ahn Yein,안예인,예인,1995-05-04,MELODYDAY,South Korea,,,F
Yeji,Hwang Yeji,황예지,예지,2000-05-26,ITZY,South Korea,,,F
Yellow,Kim Eunbi,김은비,노랑,1993-05-05,Pungdeng-E,South Korea,Seoul,,F
Yena,Yang Yena,양예나,예나,2000-05-22,APRIL,South Korea,Daegu,,F
Yena,Jeong Yena,정예나,예나,2000-04-10,G-reyish,South Korea,,,F
Yena,Choi Yena,최예나,예나,1999-09-29,IZ*ONE,South Korea,Seoul,,F
Yenny,Park Yeeun,박예은,예은,1989-05-26,Wonder Girls,South Korea,Goyang,,F
Yeo One,Yeon Changgu,여창구,여원,1996-03-27,PENTAGON,South Korea,,,M
Yeoeun,Jung Jieun,정지은,여은,1990-01-25,MELODYDAY,South Korea,,,F
Yeojin,Im Yeojin,임여진,여진,2002-11-11,LOONA,South Korea,Guro,Loona 1/3,F
Yeonha,Ahn Yeonji,안연지,연하,2000-05-19,P.O.P,South Korea,Yeondong,,F
Yeonhee,Kim Yeonhee,김연희,연희,2000-12-06,Rocket Punch,South Korea,,,F
Yeonho,Ju Yeonho,주연호,연호,2000-05-31,Verivery,South Korea,,,M
Yeonjoo,Song Yeonjoo,정연주,연주,1997-06-26,P.O.P,South Korea,Ansan,,F
Yeonjun,Choi Yeonjun,최연준,연준,1999-09-13,TXT,South Korea,,,M
Yeonjung,Yu Yeonjung,유연정,연정,1999-08-03,Cosmic Girls,South Korea,Gwangmyeong,I.O.I,F
Yeontae,Jeong Yeontae,정연태,연태,1992-07-06,IN2IT,South Korea,,,M
Yeonwoo,Lee Dabin,이다빈,연우,1996-08-01,MOMOLAND,South Korea,Seoul,,F
Yeoreum,Lee Jinsook,이진숙,여름,1999-01-10,Cosmic Girls,South Korea,Seoul,,F
Yeoreum,Ahn Chaeyeon,안채연,여름,1996-06-04,Hello Venus,South Korea,,,F
Yeori,Kim Soyeon,김소연,여리,1994-05-30,Gate9,South Korea,Seoul,,F
Yeori,Choi Yeori,최여리,여리,1999-09-08,ARIAZ,South Korea,,,F
Yeosang,Kang Yeosang,강여상,여상,1999-06-15,ATEEZ,South Korea,Incheon,,M
Yeoun,Lee Kyeongbin,이경빈,여운,1997-09-03,ARGON,South Korea,,,M
Yeowool,Ha Yeowool,하여울,여울,1998-04-11,Purplebeck,South Korea,,,F
Yeram,Yang Yeram,양예람,예람,2000-03-31,Astin,South Korea,,,M
Yeri,Kim Yerim,김예림,예리,1999-03-05,Red Velvet,South Korea,Seoul,,F
Yerim,Jeong Yerim,정예림,예림,1997-03-10,Purplebeck,South Korea,,,F
Yerin,Baek Yerin,백예린,백예린,1997-06-26,15&,South Korea,Daejeon,,F
Yerin,Jung Yerin,정예린,예린,1996-08-19,Gfriend,South Korea,Incheon,,F
Yeryung,,,예령,2002-06-22,Lusty,South Korea,Busan,,F
Yeseo,Kang Yeseo,강예서,예서,2005-08-22,Busters,South Korea,,,F
Yeso,Lee Yeso,이예소,예소,2001-11-13,G-reyish,South Korea,,,F
Yesung,Kim Jongwoon,김종운,예성,1984-08-24,Super Junior,South Korea,Seoul,,M
Yezi,Lee Yeji,이예지,예지,1994-08-26,Fiestar,South Korea,Gangneung,,F
Yibo,Wang Yibo,왕이보,이보,1997-08-05,UNIQ,China,,,M
Yijeong,Jang Yijeong,장이정,이정,1993-09-10,HISTORY,South Korea,Jinju,,M
Yiren,Wang Yiren,왕이런,이런,2000-12-29,Everglow,China,,,F
Yixuan,Zhou Yixuan,조이쉔,이쉔,1990-12-11,UNIQ,China,,,M
Yiyeon,Jung Dasol,정다솔,이연,1995-05-28,BVNDIT,South Korea,,,F
Yohan,Kim Yohan,김요한,요한,1999-09-22,X1,South Korea,,,M
Yonggeun,Jo Yonggeun,조용근,용근,1995-01-23,D1CE,South Korea,,,M
Yongguk,Bang Yongguk,방용국,용국,1990-03-31,B.A.P,South Korea,Incheon,,M
Yongha,Yoo Yongha,유용하,용하,1999-01-11,1the9,South Korea,,,M
Yonghee,Kim Yonghee,김용희,용희,2000-02-17,CIX,South Korea,,,M
Yonghoon,Jin Yonghoon,진용훈,용훈,1994-08-17,Onewe,South Korea,,,M
Yonghwa,Jung Yonghwa,정용화,용화,1989-06-22,CNBLUE,South Korea,Seoul,,M
Yongseok,Kim Yongseok,김용석,용석,1993-01-08,CROSS GENE,South Korea,Seoul,,M
Yongseung,Kim Yongseung,김용승,용승,2000-06-17,Verivery,South Korea,,,M
Yooa,Yoo Siah,유시아,유아,1995-09-17,Oh My Girl,South Korea,Seoul,,F
Yoochun,Park Yoochun,박유천,유천,1986-07-04,JYJ,South Korea,Seoul,,M
Yoohyeon,Kim Yoohyeon,김유현,유현,1997-01-07,Dreamcatcher,South Korea,Incheon,,F
Yoojin,Jang Yoojin,정유진,유진,1992-09-14,,South Korea,,,F
Yoojun,Jun Yoojun,정유준,유준,1995-07-26,D1CE,South Korea,,,M
Yoojung,Choi Yoojung,최유정,유정,1999-11-12,Weki Meki,South Korea,Guri,"I.O.I, WJMK",F
Yoojung,Lee Taeyeop,이태엽,유정,1997-05-19,OnlyOneOf,South Korea,,,M
Yookyung,Seo Yookyung,서유경,유경,1993-03-15,,South Korea,,,F
Yoomin,Na Yoomin,나유민,유민,1993-08-29,MELODYDAY,South Korea,,,F
Yoon,Heo Yoon,허윤,윤,1994-09-23,4TEN,South Korea,,,F
Yoon,Ji Hayoon,지하윤,윤,1997-07-08,Gate9,South Korea,Busan,,F
Yoona,Im Yoona,임윤아?,윤아,1990-05-30,SNSD,South Korea,Seoul,,F
Yoonbin,Ha Yoonbin,하윤빈,윤빈,2000-12-11,,South Korea,,,M
Yoonhye,Jung Yoonhye,정윤혜,윤혜,1990-04-14,Rainbow,South Korea,Daejeon,,F
Yoonhye,Jung Yoonhye,정윤혜,윤혜,2001-10-04,FANATICS,South Korea,,FANATICS FLAVOR,F
Yoonji,,,윤지,1998-07-21,Lusty,South Korea,,,F
Yoonjo,Shin Yoonjo,신윤조,윤조,1992-12-14,UNI.T,South Korea,Seoul,,F
Yoonsan,Yoon Sanghyuk,윤상혁,윤산,1994-08-22,HOTSHOT,South Korea,,,M
Yoosung,Jeong Yoosung,정유성,유성,1992-10-08,,South Korea,,,M
Yooyoung,Lee Yooyoung,이유영,유영,1995-01-23,Hello Venus,South Korea,Suwon,,F
Yoseob,Yang Yoseob,양요섭,요섭,1990-01-05,Highlight,South Korea,Seoul,,M
Yoshinori,Kanemoto Yoshinori,카네모토 요시노리,요시노리,2000-05-15,Treasure,Japan,Kobe,,M
Youi,Kim Jihyeo,유아이,유아이,2000-04-24,Dreamnote,South Korea,,,F
Young K,Kang Young-hyun,강영현,영케이,1993-12-19,DAY6,South Korea,,,M
Youngbin,Kim Youngbin,김영빈,영빈,1993-11-23,SF9,South Korea,,,M
Youngho,Noh Youngho,노영호,영호,1993-03-24,SIGNAL,South Korea,,,M
Younghoon,Kim Younghoon,김영훈,영훈,1997-08-08,The Boyz,South Korea,,,M
Youngjae,Yoo Youngjae,유영재,영재,1994-01-24,B.A.P,South Korea,Seoul,,M
Youngjae,Choi Youngjae,최영재,영재,1996-09-17,GOT7,South Korea,Mokpo,,M
Youngji,Hur Youngji,허영지,영지,1994-08-30,,South Korea,Goyang,,F
Youngmin,Jo Youngmin,조영민,영민,1995-04-24,Boyfriend,South Korea,Anyang,,M
Youngmin,Lee Youngmin,임영민,영민,1995-12-25,AB6IX,South Korea,Busan,MXM,M
Youngwoong,Cho Youngwoon,조영웅,영웅,1999-05-01,14U,South Korea,,,M
Yua,Mikami Yua,미카미 유아,유아,1993-08-16,Honey Popcorn,Japan,,,F
Yubin,Kim Yubin,김유빈,유빈,1988-10-04,Wonder Girls,South Korea,Gwangju,,F
Yubin,Cho Yubin,조유빈,유빈,1999-10-09,Pink Fantasy,South Korea,,,F
Yuem,Park Subin,박수빈,유음,1996-12-25,H.U.B,South Korea,,,F
Yugyeom,Kim Yugyeom,김유겸,유겸,1997-11-17,GOT7,South Korea,Namyangju,,M
Yuha,Kang Kyungwon,강경원,유하,1997-11-05,Hinapia,South Korea,,,F
Yujeong,Kim Yujeong,김유정,유정,1992-02-14,LABOUM,South Korea,Seoul,,F
Yujeong,Nam Yujeong,남유정,유정,1991-05-02,Brave Girls,South Korea,Seoul,,F
Yuji,Son Yuji,손유지,유지,1998-11-25,3YE,South Korea,,,F
Yujin,Choi Yujin,최유진,유진,1996-08-12,CLC,South Korea,Jeonju,,F
Yujin,Seo Yoojin,소유진,유진,1994-06-18,Playback,South Korea,,,F
Yujin,Jeong Yujin,정유진,유진,1989-10-23,S#aFLA,South Korea,,,F
Yujin,Ahn Yujin,안유진,유진,2003-09-01,IZ*ONE,South Korea,Cheongju,,F
Yuju,Choi Yuna,최유나,유주,1997-10-04,Gfriend,South Korea,Goyang,,F
Yuju,Choi Yuju,최유주,유주,1997-03-05,Cherry Bullet,South Korea,,,F
Yukyung,Lee Yukyung,이유경,유경,1999-11-05,ELRIS,South Korea,,,F
Yulhee,Kim Yulhee,김율희,율희,1997-11-27,,South Korea,Bucheon,,F
Yuna,Seo Yuna,서유나,유나,1992-12-30,AoA,South Korea,Busan,AOA BLACK,F
Yuna,Lee Yuna,이유나,유나,1993-04-06,Brave Girls,South Korea,Seoul,,F
Yuna,Shin Yuna,신유나,유나,2003-12-09,ITZY,South Korea,,,F
Yunho,Jang Yunho,장윤호,윤호,2000-04-15,VARSITY,South Korea,,,M
Yunho,Jeong Yunho,정윤호,윤호,1999-03-23,ATEEZ,South Korea,Gwangju,,M
Yunji,Lee Yunji,이윤지,윤지,1992-04-04,Playback,South Korea,,,F
Yunji,Kim Yunji,김윤지,윤지,1996-08-26,ARIAZ,South Korea,,,F
Yunkyung,Seo Yunkyung,서윤경,윤경,2001-11-01,Rocket Punch,South Korea,,,F
Yunmin,Yun Min,윤민,윤민,2001-02-26,Newkidd,South Korea,,,M
Yunsung,Hwang Yunsung,황윤성,윤성,1996-03-19,Romeo,South Korea,,,M
Yuqi,Song Yuqi,송우기,우기,1999-09-23,(G)I-DLE,China,Beijing,,F
Yura,Kim Ahyoung,김아영,유라,1992-11-06,Girl's Day,South Korea,Ulsan,,F
Yuri,Kwon Yuri,권유리?,유리,1989-12-05,SNSD,South Korea,Goyang,,F
Yuri,Jo Yuri,조유리,유리,2001-10-22,IZ*ONE,South Korea,Busan,,F
Yurim,Park Yurim,박유림,유림,1998-04-13,3YE,South Korea,,,F
Yuta,Nakamoto Yuta,나카모토 유타,유타,1995-10-26,NCT,Japan,Osaka,NCT 127,M
Yuto,Adachi Yuto,아다치 유토,유토,1998-01-23,PENTAGON,Japan,,,M
Yuvin,Song Yuvin,송유빈,유빈,1998-04-28,B.O.Y,South Korea,,,M
Yves,Ha Sooyoung,하수영,이브,1997-05-24,LOONA,South Korea,,Loona yyxy,F
YY,Kim Moonyong,김문용,와이와이,1991-08-30,UNVS,South Korea,,,M
Z-UK,Jeong Jaewook,정재욱,지욱,1993-01-27,,South Korea,,,M
Zelo,Choi Junhong,최준홍,젤로,1996-10-15,B.A.P,South Korea,Mokpo,,M
Zhou Mi,Zhou Mi,조미,조미,1986-04-19,Super Junior-M,China,Wuhan,,M
Zico,Woo Jiho,우지호,지코,1992-09-14,Block B,South Korea,Seoul,,M
Ziu,Park Heejun,박희준,지우,1997-06-16,VAV,South Korea,,,M
ZN,Bae Jinye,배진예,지엔,1994-06-09,LABOUM,South Korea,Bucheon,UNI.T,F
Zoa,Cho Hyewon,조혜원,조아,2005-05-31,Weeekly,South Korea,,,F
Zuho,Bae Juho,백주호,주호,1996-07-04,SF9,South Korea,,,M
Zuny,Kim Joomi,김주미,주니,1994-12-08,Ladies' Code,South Korea,Gwangju,,F
